-- phpMyAdmin SQL Dump
-- version 4.4.13.1deb1
-- http://www.phpmyadmin.net
--
-- Host: localhost
-- Generation Time: Dec 18, 2015 at 05:58 PM
-- Server version: 5.6.27-0ubuntu1
-- PHP Version: 5.6.11-1ubuntu3.1

SET SQL_MODE = "NO_AUTO_VALUE_ON_ZERO";
SET time_zone = "+00:00";


/*!40101 SET @OLD_CHARACTER_SET_CLIENT=@@CHARACTER_SET_CLIENT */;
/*!40101 SET @OLD_CHARACTER_SET_RESULTS=@@CHARACTER_SET_RESULTS */;
/*!40101 SET @OLD_COLLATION_CONNECTION=@@COLLATION_CONNECTION */;
/*!40101 SET NAMES utf8mb4 */;

--
-- Database: `getjackd__db`
--

-- --------------------------------------------------------

--
-- Table structure for table `appointments`
--

CREATE TABLE IF NOT EXISTS `appointments` (
  `id` int(10) unsigned NOT NULL,
  `type` tinyint(4) NOT NULL,
  `start_time` datetime NOT NULL,
  `end_time` datetime NOT NULL,
  `status` tinyint(1) NOT NULL,
  `availability` tinyint(1) NOT NULL,
  `user_id` int(11) NOT NULL,
  `created_at` timestamp NOT NULL DEFAULT '0000-00-00 00:00:00',
  `updated_at` timestamp NOT NULL DEFAULT '0000-00-00 00:00:00'
) ENGINE=InnoDB AUTO_INCREMENT=63 DEFAULT CHARSET=utf8 COLLATE=utf8_unicode_ci;

--
-- Dumping data for table `appointments`
--

INSERT INTO `appointments` (`id`, `type`, `start_time`, `end_time`, `status`, `availability`, `user_id`, `created_at`, `updated_at`) VALUES
(1, 0, '2015-11-25 21:48:26', '2015-11-25 23:48:32', 1, 0, 1, '0000-00-00 00:00:00', '2015-11-03 02:19:09'),
(2, 0, '2015-11-23 08:00:00', '2015-11-23 10:00:00', 1, 1, 1, '0000-00-00 00:00:00', '0000-00-00 00:00:00'),
(3, 0, '2015-11-30 21:50:29', '2015-11-30 23:00:00', 1, 1, 1, '0000-00-00 00:00:00', '0000-00-00 00:00:00'),
(4, 0, '2015-11-01 08:00:00', '2015-11-01 10:00:00', 1, 1, 0, '0000-00-00 00:00:00', '0000-00-00 00:00:00'),
(5, 0, '2015-10-01 08:00:00', '2015-10-01 10:00:00', 1, 1, 0, '0000-00-00 00:00:00', '0000-00-00 00:00:00'),
(6, 1, '2015-12-23 15:01:29', '2015-12-23 17:01:29', 0, 1, 0, '2015-11-03 02:10:57', '2015-11-03 02:10:57'),
(7, 1, '2016-01-15 17:15:38', '2016-01-15 19:15:38', 0, 1, 0, '2015-11-03 02:10:57', '2015-11-03 02:10:57'),
(8, 1, '2016-02-25 04:07:39', '2016-02-25 06:07:39', 0, 1, 0, '2015-11-03 02:10:57', '2015-11-03 02:10:57'),
(9, 1, '2015-12-10 04:08:47', '2015-12-10 06:08:47', 0, 1, 0, '2015-11-03 02:10:57', '2015-11-03 02:10:57'),
(10, 2, '2016-02-19 04:40:12', '2016-02-19 06:40:12', 0, 1, 0, '2015-11-03 02:10:57', '2015-11-03 02:10:57'),
(11, 1, '2016-01-31 13:21:10', '2016-01-31 15:21:10', 0, 1, 0, '2015-11-03 02:10:57', '2015-11-03 02:10:57'),
(12, 1, '2015-12-21 04:46:31', '2015-12-21 06:46:31', 0, 1, 0, '2015-11-03 02:10:57', '2015-11-03 02:10:57'),
(13, 2, '2016-02-19 10:26:13', '2016-02-19 12:26:13', 0, 1, 0, '2015-11-03 02:10:57', '2015-11-03 02:10:57'),
(14, 1, '2015-12-16 21:46:47', '2015-12-16 23:46:47', 0, 1, 0, '2015-11-03 02:10:57', '2015-11-03 02:10:57'),
(15, 2, '2015-12-29 11:09:52', '2015-12-29 13:09:52', 0, 1, 0, '2015-11-03 02:10:57', '2015-11-03 02:10:57'),
(16, 1, '2016-02-15 21:14:59', '2016-02-15 23:14:59', 0, 1, 0, '2015-11-03 02:10:57', '2015-11-03 02:10:57'),
(17, 1, '2016-02-17 05:00:09', '2016-02-17 07:00:09', 0, 1, 0, '2015-11-03 02:10:57', '2015-11-03 02:10:57'),
(18, 1, '2016-01-20 03:01:50', '2016-01-20 05:01:50', 0, 1, 0, '2015-11-03 02:10:57', '2015-11-03 02:10:57'),
(19, 2, '2015-12-31 10:30:48', '2015-12-31 12:30:48', 0, 1, 0, '2015-11-03 02:10:57', '2015-11-03 02:10:57'),
(20, 0, '2015-11-11 01:26:58', '2015-11-11 03:26:58', 0, 0, 1, '2015-11-03 02:10:57', '2015-11-03 02:16:38'),
(21, 2, '2016-01-26 21:10:46', '2016-01-26 23:10:46', 0, 1, 0, '2015-11-03 02:10:58', '2015-11-03 02:10:58'),
(22, 0, '2015-11-20 06:32:06', '2015-11-20 08:32:06', 0, 0, 1, '2015-11-03 02:10:58', '2015-11-03 02:16:26'),
(23, 2, '2015-12-14 21:20:57', '2015-12-14 23:20:57', 0, 1, 0, '2015-11-03 02:10:58', '2015-11-03 02:10:58'),
(24, 2, '2016-02-03 09:07:12', '2016-02-03 11:07:12', 0, 1, 0, '2015-11-03 02:10:58', '2015-11-03 02:10:58'),
(25, 2, '2016-02-16 01:41:36', '2016-02-16 03:41:36', 0, 1, 0, '2015-11-03 02:10:58', '2015-11-03 02:10:58'),
(26, 0, '2015-11-20 09:36:02', '2015-11-20 11:36:02', 0, 0, 1, '2015-11-03 02:10:58', '2015-11-03 02:15:46'),
(27, 1, '2015-12-08 11:35:32', '2015-12-08 13:35:32', 0, 1, 0, '2015-11-03 02:10:58', '2015-11-03 02:10:58'),
(28, 2, '2016-02-18 21:34:39', '2016-02-18 23:34:39', 0, 1, 0, '2015-11-03 02:10:58', '2015-11-03 02:10:58'),
(29, 2, '2016-02-29 09:37:00', '2016-02-29 11:37:00', 0, 1, 0, '2015-11-03 02:10:58', '2015-11-03 02:10:58'),
(30, 2, '2015-11-08 20:27:56', '2015-11-08 22:27:56', 0, 1, 0, '2015-11-03 02:10:58', '2015-11-03 02:10:58'),
(31, 1, '2015-12-23 10:27:58', '2015-12-23 12:27:58', 0, 1, 0, '2015-11-03 02:10:58', '2015-11-03 02:10:58'),
(32, 2, '2016-02-18 17:29:13', '2016-02-18 19:29:13', 0, 1, 0, '2015-11-03 02:10:58', '2015-11-03 02:10:58'),
(33, 2, '2015-11-07 01:28:08', '2015-11-07 03:28:08', 0, 1, 0, '2015-11-03 02:10:58', '2015-11-03 02:10:58'),
(34, 1, '2015-11-10 13:58:41', '2015-11-10 15:58:41', 0, 1, 0, '2015-11-03 02:10:58', '2015-11-03 02:10:58'),
(35, 0, '2015-11-13 04:10:55', '2015-11-13 06:10:55', 0, 0, 1, '2015-11-03 02:10:59', '2015-11-03 02:18:18'),
(36, 0, '2015-11-12 12:33:50', '2015-11-12 14:33:50', 0, 0, 1, '2015-11-03 02:10:59', '2015-11-03 02:16:59'),
(37, 2, '2015-12-14 04:03:15', '2015-12-14 06:03:15', 0, 1, 0, '2015-11-03 02:10:59', '2015-11-03 02:10:59'),
(38, 1, '2015-12-21 01:14:05', '2015-12-21 03:14:05', 0, 1, 0, '2015-11-03 02:10:59', '2015-11-03 02:10:59'),
(39, 2, '2016-03-02 10:02:19', '2016-03-02 12:02:19', 0, 1, 0, '2015-11-03 02:10:59', '2015-11-03 02:10:59'),
(40, 2, '2016-01-11 23:00:14', '2016-01-12 01:00:14', 0, 1, 0, '2015-11-03 02:10:59', '2015-11-03 02:10:59'),
(41, 0, '2015-11-21 09:35:03', '2015-11-21 11:35:03', 0, 0, 1, '2015-11-03 02:10:59', '2015-11-03 02:30:43'),
(42, 2, '2015-11-29 21:09:15', '2015-11-29 23:09:15', 0, 1, 0, '2015-11-03 02:10:59', '2015-11-03 02:10:59'),
(43, 2, '2016-01-19 19:11:22', '2016-01-19 21:11:22', 0, 1, 0, '2015-11-03 02:10:59', '2015-11-03 02:10:59'),
(44, 0, '2015-11-11 21:16:41', '2015-11-11 23:16:41', 0, 0, 1, '2015-11-03 02:10:59', '2015-11-17 02:52:00'),
(45, 1, '2015-11-23 11:42:07', '2015-11-23 13:42:07', 0, 1, 0, '2015-11-03 02:10:59', '2015-11-03 02:10:59'),
(46, 1, '2015-12-07 00:25:40', '2015-12-07 02:25:40', 0, 1, 0, '2015-11-03 02:10:59', '2015-11-03 02:10:59'),
(47, 0, '2015-12-16 19:14:08', '2015-12-16 21:14:08', 0, 0, 1, '2015-11-03 02:10:59', '2015-11-16 01:05:25'),
(48, 1, '2015-12-14 00:31:08', '2015-12-14 02:31:08', 0, 1, 0, '2015-11-03 02:10:59', '2015-11-03 02:10:59'),
(49, 2, '2015-12-22 06:36:06', '2015-12-22 08:36:06', 0, 1, 0, '2015-11-03 02:10:59', '2015-11-03 02:10:59'),
(50, 2, '2015-12-15 04:08:14', '2015-12-15 06:08:14', 0, 1, 0, '2015-11-03 02:11:00', '2015-11-03 02:11:00'),
(51, 2, '2015-12-16 07:49:24', '2015-12-16 09:49:24', 0, 1, 0, '2015-11-03 02:11:00', '2015-11-03 02:11:00'),
(52, 0, '2015-11-11 09:58:55', '2015-11-11 11:58:55', 0, 0, 1, '2015-11-03 02:11:00', '2015-11-21 04:14:30'),
(53, 1, '2016-03-02 22:58:31', '2016-03-03 00:58:31', 0, 1, 0, '2015-11-03 02:11:00', '2015-11-03 02:11:00'),
(54, 1, '2016-01-15 06:39:58', '2016-01-15 08:39:58', 0, 1, 0, '2015-11-03 02:11:00', '2015-11-03 02:11:00'),
(55, 2, '2015-11-04 17:00:11', '2015-11-04 19:00:11', 0, 1, 0, '2015-11-03 02:11:00', '2015-11-03 02:11:00'),
(56, 0, '0000-00-00 00:00:00', '0000-00-00 00:00:00', 0, 0, 0, '2015-12-03 12:01:26', '2015-12-03 12:01:26'),
(57, 0, '0000-00-00 00:00:00', '0000-00-00 00:00:00', 0, 0, 0, '2015-12-03 12:02:19', '2015-12-03 12:02:19'),
(58, 0, '0000-00-00 00:00:00', '0000-00-00 00:00:00', 0, 0, 0, '2015-12-03 12:02:46', '2015-12-03 12:02:46'),
(59, 0, '0000-00-00 00:00:00', '0000-00-00 00:00:00', 0, 0, 0, '2015-12-03 12:03:03', '2015-12-03 12:03:03'),
(60, 0, '2015-12-05 14:00:00', '2015-12-05 16:00:00', 1, 1, 0, '2015-12-03 12:03:56', '2015-12-03 12:03:56'),
(61, 0, '2015-12-17 08:00:00', '2015-12-17 10:00:00', 1, 1, 0, '2015-12-03 12:04:34', '2015-12-03 12:04:34'),
(62, 0, '2015-12-18 10:00:00', '2015-12-18 12:00:00', 1, 1, 0, '2015-12-03 12:05:27', '2015-12-03 12:05:27');

-- --------------------------------------------------------

--
-- Table structure for table `briefing_form_documents`
--

CREATE TABLE IF NOT EXISTS `briefing_form_documents` (
  `id` int(10) unsigned NOT NULL,
  `briefing_form_submission_id` int(11) NOT NULL,
  `briefing_question_answer_id` int(11) NOT NULL,
  `created_at` timestamp NOT NULL DEFAULT '0000-00-00 00:00:00',
  `updated_at` timestamp NOT NULL DEFAULT '0000-00-00 00:00:00',
  `filename` varchar(255) COLLATE utf8_unicode_ci NOT NULL,
  `doc_type` varchar(255) COLLATE utf8_unicode_ci NOT NULL
) ENGINE=InnoDB DEFAULT CHARSET=utf8 COLLATE=utf8_unicode_ci;

-- --------------------------------------------------------

--
-- Table structure for table `briefing_form_questions`
--

CREATE TABLE IF NOT EXISTS `briefing_form_questions` (
  `id` int(10) unsigned NOT NULL,
  `question_text` varchar(255) COLLATE utf8_unicode_ci NOT NULL,
  `question_name` varchar(255) COLLATE utf8_unicode_ci NOT NULL,
  `question_type` varchar(255) COLLATE utf8_unicode_ci NOT NULL,
  `created_at` timestamp NOT NULL DEFAULT '0000-00-00 00:00:00',
  `updated_at` timestamp NOT NULL DEFAULT '0000-00-00 00:00:00'
) ENGINE=InnoDB AUTO_INCREMENT=29 DEFAULT CHARSET=utf8 COLLATE=utf8_unicode_ci;

--
-- Dumping data for table `briefing_form_questions`
--

INSERT INTO `briefing_form_questions` (`id`, `question_text`, `question_name`, `question_type`, `created_at`, `updated_at`) VALUES
(1, 'Business name', 'business_name', 'text', '0000-00-00 00:00:00', '0000-00-00 00:00:00'),
(2, 'Business contact name and title', 'contact_title', 'text', '0000-00-00 00:00:00', '0000-00-00 00:00:00'),
(3, 'Email Address', 'email', 'text', '0000-00-00 00:00:00', '0000-00-00 00:00:00'),
(4, 'Tell us about your business (what do you sell? How long have you been in buisiness? Just some background information on your business)', 'about_your_business', 'textarea', '0000-00-00 00:00:00', '0000-00-00 00:00:00'),
(5, 'What’s your annual turnover?', 'turnover', 'textarea', '0000-00-00 00:00:00', '0000-00-00 00:00:00'),
(6, 'How do you sell your product or service? (wholesale, retail, online, offline). And for how much (price range)?', 'selling_method', 'textarea', '0000-00-00 00:00:00', '0000-00-00 00:00:00'),
(7, 'Who is your target audience? Your customer, their age, income and occupation etc', 'target_audience', 'textarea', '0000-00-00 00:00:00', '0000-00-00 00:00:00'),
(8, 'Who is your ideal customer?  What do you know about them?', 'ideal_customer', 'textarea', '0000-00-00 00:00:00', '0000-00-00 00:00:00'),
(9, 'What are your vision and mission statements (core messages)', 'core_messages', 'textarea', '0000-00-00 00:00:00', '0000-00-00 00:00:00'),
(10, 'What’s your current brand position? Look and feel. What do you stand for?', 'current_brand_position', 'textarea', '0000-00-00 00:00:00', '0000-00-00 00:00:00'),
(11, 'Please provide your logo, slogan, website address and social media accounts (handles and hashtags you use)', 'logo', 'file', '0000-00-00 00:00:00', '0000-00-00 00:00:00'),
(12, 'Do you know who your biggest competitors are?\rIf yes, please list them and what you know about them', 'competitor', 'textarea', '0000-00-00 00:00:00', '0000-00-00 00:00:00'),
(13, 'Unique selling position (what are you currently offering that competitors aren’t). \r\rHow do you differentiate yourself from your competitors?', 'unique_selling_position', 'textarea', '0000-00-00 00:00:00', '0000-00-00 00:00:00'),
(14, 'Have you conducted any market research before (i.e. surveys, focus groups, your industry research). What were the results?', 'market_research', 'textarea', '0000-00-00 00:00:00', '0000-00-00 00:00:00'),
(15, 'How do you manage your customers feedback? Positive or negative', 'customer_feedback', 'textarea', '0000-00-00 00:00:00', '0000-00-00 00:00:00'),
(16, 'How do your customers hear about you, what you offer and where you’re located?', 'hear_about_you', 'textarea', '0000-00-00 00:00:00', '0000-00-00 00:00:00'),
(17, 'How do you stay in contact with your customers? i.e. newsletters etc', 'contact_method', 'textarea', '0000-00-00 00:00:00', '0000-00-00 00:00:00'),
(18, 'Have you done any other marketing, PR or advertising in the past? \r\rIf yes please describe and show us.', 'marketing_material', 'file', '0000-00-00 00:00:00', '0000-00-00 00:00:00'),
(19, 'Tell us what you want to market? Is it the business in general or a specific product/service, launch, event or campaign?\r\rPlease give us a description of what you’d like to focus on.', 'what_to_market', 'textarea', '0000-00-00 00:00:00', '0000-00-00 00:00:00'),
(20, 'What are your media and objectives? Do you have clear marketing KPI’s?\r\r(Do you want to generate inquiries, create awareness (brand), provide information, build your image,  sell a product or announce a new service)?', 'media_and_objectives', 'textarea', '0000-00-00 00:00:00', '0000-00-00 00:00:00'),
(21, 'What is your media and marketing budget? And how did you come to this number?', 'budget', 'textarea', '0000-00-00 00:00:00', '0000-00-00 00:00:00'),
(22, 'What are your campaign timings for the budget outlined?', 'campaign_timings', 'textarea', '0000-00-00 00:00:00', '0000-00-00 00:00:00'),
(23, 'What markets would you like to focus your marketing activity on?', 'market_focus', 'textarea', '0000-00-00 00:00:00', '0000-00-00 00:00:00'),
(24, 'What media platforms are you interested in exploring? And how much do you know about each? \r\rFor example; social media, TV, radio, digital, print, outdoor, PR, sponsorships, events or direct mail.', 'media_platforms', 'textarea', '0000-00-00 00:00:00', '0000-00-00 00:00:00'),
(25, 'Do you have a social media plan for your business?\r\rAnd who maintains your website and social media accounts', 'social_media_plan', 'textarea', '0000-00-00 00:00:00', '0000-00-00 00:00:00'),
(26, 'Do you have a loyalty program in place?', 'loyalty_program', 'textarea', '0000-00-00 00:00:00', '0000-00-00 00:00:00'),
(27, 'How will you be measuring the success of the marketing activity you select?', 'measuring_criteria', 'textarea', '0000-00-00 00:00:00', '0000-00-00 00:00:00'),
(28, 'Are there any factors that could Influence the success of your marketing effort (ie holidays, cost or availability of products and services across the year, peak – off peak times or staffing issues?)', 'influential_factors', 'textarea', '0000-00-00 00:00:00', '0000-00-00 00:00:00');

-- --------------------------------------------------------

--
-- Table structure for table `briefing_form_submissions`
--

CREATE TABLE IF NOT EXISTS `briefing_form_submissions` (
  `id` int(10) unsigned NOT NULL,
  `user_id` int(11) NOT NULL,
  `created_at` timestamp NOT NULL DEFAULT '0000-00-00 00:00:00',
  `updated_at` timestamp NOT NULL DEFAULT '0000-00-00 00:00:00',
  `emailed_submission` tinyint(1) DEFAULT NULL
) ENGINE=InnoDB DEFAULT CHARSET=utf8 COLLATE=utf8_unicode_ci;

-- --------------------------------------------------------

--
-- Table structure for table `briefing_question_answers`
--

CREATE TABLE IF NOT EXISTS `briefing_question_answers` (
  `id` int(10) unsigned NOT NULL,
  `briefing_form_submission_id` int(11) NOT NULL,
  `briefing_question_id` int(11) NOT NULL,
  `briefing_question_answer` text COLLATE utf8_unicode_ci NOT NULL,
  `created_at` timestamp NOT NULL DEFAULT '0000-00-00 00:00:00',
  `updated_at` timestamp NOT NULL DEFAULT '0000-00-00 00:00:00'
) ENGINE=InnoDB DEFAULT CHARSET=utf8 COLLATE=utf8_unicode_ci;

-- --------------------------------------------------------

--
-- Table structure for table `buckets`
--

CREATE TABLE IF NOT EXISTS `buckets` (
  `id` int(10) unsigned NOT NULL,
  `name` varchar(255) COLLATE utf8_unicode_ci NOT NULL,
  `created_at` timestamp NOT NULL DEFAULT '0000-00-00 00:00:00',
  `updated_at` timestamp NOT NULL DEFAULT '0000-00-00 00:00:00',
  `mailchimp_list_id` varchar(10) COLLATE utf8_unicode_ci NOT NULL
) ENGINE=InnoDB AUTO_INCREMENT=10 DEFAULT CHARSET=utf8 COLLATE=utf8_unicode_ci;

--
-- Dumping data for table `buckets`
--

INSERT INTO `buckets` (`id`, `name`, `created_at`, `updated_at`, `mailchimp_list_id`) VALUES
(1, 'New Signups', '0000-00-00 00:00:00', '0000-00-00 00:00:00', ''),
(2, 'Business Package Users', '0000-00-00 00:00:00', '0000-00-00 00:00:00', ''),
(3, 'Signed Up For Over Six Months', '0000-00-00 00:00:00', '0000-00-00 00:00:00', ''),
(4, 'Hasn''t Upgraded Any Packages', '0000-00-00 00:00:00', '0000-00-00 00:00:00', ''),
(5, 'New Sign Ups', '2015-12-09 03:39:22', '2015-12-09 03:39:22', '4505ec07b2'),
(6, 'Has Not Upgraded For Six Months', '2015-12-09 03:39:23', '2015-12-09 03:39:23', 'b7d23b4539'),
(7, 'Just Tell It', '2015-12-09 03:39:24', '2015-12-09 03:39:24', '92b0c31f1a'),
(8, 'Market It', '2015-12-09 03:39:25', '2015-12-09 03:39:25', '0929a3ee6f'),
(9, 'Make It Happen', '2015-12-09 03:39:25', '2015-12-09 03:39:25', 'e8d8f0aa0d');

-- --------------------------------------------------------

--
-- Table structure for table `bucket_user`
--

CREATE TABLE IF NOT EXISTS `bucket_user` (
  `bucket_id` int(10) unsigned NOT NULL,
  `user_id` int(10) unsigned NOT NULL
) ENGINE=InnoDB DEFAULT CHARSET=utf8 COLLATE=utf8_unicode_ci;

--
-- Dumping data for table `bucket_user`
--

INSERT INTO `bucket_user` (`bucket_id`, `user_id`) VALUES
(1, 1),
(4, 1);

-- --------------------------------------------------------

--
-- Table structure for table `business_plan_documents`
--

CREATE TABLE IF NOT EXISTS `business_plan_documents` (
  `id` int(10) unsigned NOT NULL,
  `filename` varchar(255) COLLATE utf8_unicode_ci NOT NULL,
  `doc_type` varchar(255) COLLATE utf8_unicode_ci NOT NULL,
  `business_plan_id` int(11) NOT NULL,
  `business_plan_category_id` int(11) NOT NULL,
  `created_at` timestamp NOT NULL DEFAULT '0000-00-00 00:00:00',
  `updated_at` timestamp NOT NULL DEFAULT '0000-00-00 00:00:00',
  `user_id` int(11) NOT NULL,
  `filepath` varchar(255) COLLATE utf8_unicode_ci NOT NULL
) ENGINE=InnoDB DEFAULT CHARSET=utf8 COLLATE=utf8_unicode_ci;

-- --------------------------------------------------------

--
-- Table structure for table `default_contents`
--

CREATE TABLE IF NOT EXISTS `default_contents` (
  `id` int(10) unsigned NOT NULL,
  `content` text COLLATE utf8_unicode_ci NOT NULL,
  `cat_id` int(11) NOT NULL,
  `created_at` timestamp NOT NULL DEFAULT '0000-00-00 00:00:00',
  `updated_at` timestamp NOT NULL DEFAULT '0000-00-00 00:00:00'
) ENGINE=InnoDB AUTO_INCREMENT=35 DEFAULT CHARSET=utf8 COLLATE=utf8_unicode_ci;

--
-- Dumping data for table `default_contents`
--

INSERT INTO `default_contents` (`id`, `content`, `cat_id`, `created_at`, `updated_at`) VALUES
(9, '<table border="1" cellpadding="1" cellspacing="1" style="width:100%">\r\n	<thead>\r\n		<tr>\r\n			<th>\r\n			<p>Goals</p>\r\n			</th>\r\n			<th>\r\n			<p>What steps will you take to achieve your goals/objectives</p>\r\n			</th>\r\n			<th>\r\n			<p>When do you expect to achieve your set goals/objectives?</p>\r\n			</th>\r\n			<th>\r\n			<p>Person responsible</p>\r\n			</th>\r\n		</tr>\r\n	</thead>\r\n	<tbody>\r\n		<tr>\r\n			<td>\r\n			<p>What are the business goals/objectives?</p>\r\n			</td>\r\n			<td>\r\n			<p>Action steps. Step 1,2,3, etc.</p>\r\n			</td>\r\n			<td>\r\n			<p>Add dates</p>\r\n			</td>\r\n			<td>\r\n			<p>Who&rsquo;ll be responsible to make sure your goal is achieved?</p>\r\n			</td>\r\n		</tr>\r\n	</tbody>\r\n</table>\r\n', 33, '2015-10-18 18:10:38', '2015-10-18 18:10:38'),
(10, '<table border="1" cellpadding="0" cellspacing="0" style="width:100%">\r\n	<thead>\r\n		<tr>\r\n			<th scope="col">\r\n			<p><strong>General Business Details</strong></p>\r\n			</th>\r\n			<th scope="col">\r\n			<p><strong>Description</strong></p>\r\n			</th>\r\n		</tr>\r\n	</thead>\r\n	<tbody>\r\n		<tr>\r\n			<td>\r\n			<p>Business name:</p>\r\n			</td>\r\n			<td>\r\n			<p>&nbsp;</p>\r\n			</td>\r\n		</tr>\r\n		<tr>\r\n			<td>\r\n			<p>Trading name:</p>\r\n			</td>\r\n			<td>\r\n			<p>&nbsp;</p>\r\n			</td>\r\n		</tr>\r\n		<tr>\r\n			<td>\r\n			<p>Registered date:</p>\r\n			</td>\r\n			<td>\r\n			<p>&nbsp;</p>\r\n			</td>\r\n		</tr>\r\n		<tr>\r\n			<td>\r\n			<p>Registered location:</p>\r\n			</td>\r\n			<td>\r\n			<p>&nbsp;</p>\r\n			</td>\r\n		</tr>\r\n		<tr>\r\n			<td>\r\n			<p>Business structure:</p>\r\n			</td>\r\n			<td>\r\n			<p>&nbsp;</p>\r\n			</td>\r\n		</tr>\r\n		<tr>\r\n			<td>\r\n			<p>Your business number/s:</p>\r\n			</td>\r\n			<td>\r\n			<p>&nbsp;</p>\r\n			</td>\r\n		</tr>\r\n		<tr>\r\n			<td>\r\n			<p>Location of premises:</p>\r\n			</td>\r\n			<td>\r\n			<p>&nbsp;</p>\r\n			</td>\r\n		</tr>\r\n		<tr>\r\n			<td>\r\n			<p>Buy/lease agreements</p>\r\n			</td>\r\n			<td>\r\n			<p>&nbsp;</p>\r\n			</td>\r\n		</tr>\r\n		<tr>\r\n			<td>\r\n			<p>Relevant business taxes: are you registered? Yes or no?</p>\r\n			</td>\r\n			<td>\r\n			<p>&nbsp;</p>\r\n			</td>\r\n		</tr>\r\n		<tr>\r\n			<td>\r\n			<p>Licences and permits:</p>\r\n			</td>\r\n			<td>\r\n			<p>&nbsp;</p>\r\n			</td>\r\n		</tr>\r\n		<tr>\r\n			<td>\r\n			<p>Domain/website names:</p>\r\n			</td>\r\n			<td>\r\n			<p>&nbsp;</p>\r\n			</td>\r\n		</tr>\r\n		<tr>\r\n			<td>\r\n			<p>Memberships and affiliations:</p>\r\n			</td>\r\n			<td>\r\n			<p>&nbsp;</p>\r\n			</td>\r\n		</tr>\r\n		<tr>\r\n			<td>\r\n			<p>Business trading hours:</p>\r\n			</td>\r\n			<td>\r\n			<p>&nbsp;</p>\r\n			</td>\r\n		</tr>\r\n	</tbody>\r\n</table>\r\n\r\n<p>&nbsp;</p>\r\n\r\n<table border="1" cellpadding="0" cellspacing="0" style="width:100%">\r\n	<thead>\r\n		<tr>\r\n			<th scope="col">\r\n			<p><strong>Products/Services</strong></p>\r\n			</th>\r\n			<th scope="col">\r\n			<p>&nbsp;</p>\r\n			</th>\r\n		</tr>\r\n	</thead>\r\n	<tbody>\r\n		<tr>\r\n			<td>\r\n			<p>Products/services:</p>\r\n			</td>\r\n			<td>\r\n			<p>&nbsp;</p>\r\n			</td>\r\n		</tr>\r\n	</tbody>\r\n</table>\r\n\r\n<p>&nbsp;</p>\r\n\r\n<table border="1" cellpadding="0" cellspacing="0" style="width:100%">\r\n	<thead>\r\n		<tr>\r\n			<th scope="col">\r\n			<p><strong>Owner Details</strong></p>\r\n			</th>\r\n			<th scope="col">\r\n			<p>&nbsp;</p>\r\n			</th>\r\n		</tr>\r\n	</thead>\r\n	<tbody>\r\n		<tr>\r\n			<td>\r\n			<p>Business owner(s):</p>\r\n			</td>\r\n			<td>\r\n			<p>&nbsp;</p>\r\n			</td>\r\n		</tr>\r\n		<tr>\r\n			<td>\r\n			<p>Relevant owner experience:</p>\r\n			</td>\r\n			<td>\r\n			<p>&nbsp;</p>\r\n			</td>\r\n		</tr>\r\n	</tbody>\r\n</table>\r\n', 0, '2015-10-18 18:14:07', '2015-11-25 05:34:54'),
(11, '<table border="1" cellpadding="0" cellspacing="0" style="width:99%" summary="A table with space to enter details of current staff under the headings: Job Title (e.g. Marketing/ Sales Manager), Name (e.g. Mr Chris Brantley), Expected staff turnover (e.g. 12-18 months) and Skills or strengths (e.g. Relevant qualifications in Sales/Marketing. At least 5 years experience in the industry. Award in marketing excellence).">\r\n	<thead>\r\n		<tr>\r\n			<th style="width:135px">\r\n			<p>Name</p>\r\n			</th>\r\n			<th style="width:184px">\r\n			<p>Job Title</p>\r\n			</th>\r\n			<th style="width:293px">\r\n			<p>Skills/Qualifications or Strengths/Responsibilities</p>\r\n			</th>\r\n			<th style="width:293px">Report To</th>\r\n		</tr>\r\n	</thead>\r\n	<tbody>\r\n		<tr>\r\n			<td style="width:135px">\r\n			<p></p>\r\n			</td>\r\n			<td style="width:184px">\r\n			<p></p>\r\n			</td>\r\n			<td style="width:293px">\r\n			<p></p>\r\n			</td>\r\n			<td style="width:293px"></td>\r\n		</tr>\r\n	</tbody>\r\n</table>\r\n', 0, '2015-10-18 18:14:51', '2015-12-02 13:58:06'),
(12, '<table border="1" cellpadding="0" cellspacing="0" style="width:99%" summary="A table with space to enter details of required staff under the headings: Job Title (e.g. Office Manager), Quantity (e.g. 1), Expected staff turnover (e.g. 2-3 years), Skills necessary (e.g. Relevant qualifications in Office Management. At least 2 years experience.), and date required (e.g. Month/Year).">\r\n	<thead>\r\n		<tr>\r\n			<th style="width:97px">\r\n			<p>Job Title</p>\r\n			</th>\r\n			<th style="width:97px">\r\n			<p>Quantity</p>\r\n			</th>\r\n			<th style="width:267px">\r\n			<p>Necessary Skills</p>\r\n			</th>\r\n			<th style="width:267px">Report To</th>\r\n			<th style="width:151px">\r\n			<p>Date Required</p>\r\n			</th>\r\n		</tr>\r\n	</thead>\r\n	<tbody>\r\n		<tr>\r\n			<td style="width:97px">\r\n			<p>What is the position you&rsquo;ll be looking to fill?</p>\r\n			</td>\r\n			<td style="width:97px">\r\n			<p>How many of these positions will you need?</p>\r\n			</td>\r\n			<td style="width:267px">\r\n			<p>List the experience or qualifications required</p>\r\n			</td>\r\n			<td style="width:267px"></td>\r\n			<td style="width:151px">\r\n			<p>When do you expect to need this position?</p>\r\n			</td>\r\n		</tr>\r\n	</tbody>\r\n</table>\r\n', 0, '2015-10-18 18:15:07', '2015-12-02 13:58:38'),
(13, '<table align="left" border="1" cellpadding="1" cellspacing="1" style="width:100%">\r\n	<thead>\r\n		<tr>\r\n			<th scope="col">\r\n			<p>Product/Service</p>\r\n			</th>\r\n			<th scope="col">\r\n			<p>Description</p>\r\n			</th>\r\n			<th scope="col">\r\n			<p>Market Demand</p>\r\n			</th>\r\n			<th scope="col">\r\n			<p>Distributor/Supplier</p>\r\n			</th>\r\n			<th scope="col">\r\n			<p>Cost for Distributor/Supplier</p>\r\n			</th>\r\n			<th scope="col">\r\n			<p>Price</p>\r\n			</th>\r\n		</tr>\r\n	</thead>\r\n	<tbody>\r\n		<tr>\r\n			<td>\r\n			<p>Product/Service &ndash; include all necessary codes</p>\r\n			</td>\r\n			<td>\r\n			<p>Brief description</p>\r\n			</td>\r\n			<td>\r\n			<p>Anticipated demand from the market</p>\r\n			</td>\r\n			<td>\r\n			<p>Supplier/distributor details</p>\r\n			</td>\r\n			<td>\r\n			<p>Costs associated from Distributor/supplier</p>\r\n			</td>\r\n			<td>\r\n			<p>Include final retail price and all taxes</p>\r\n			</td>\r\n		</tr>\r\n	</tbody>\r\n</table>\r\n', 0, '2015-10-18 18:16:42', '2015-10-18 18:25:02'),
(14, '<table align="left" border="1" cellpadding="1" cellspacing="1" style="width:100%">\r\n	<thead>\r\n		<tr>\r\n			<th scope="col" style="width:250px">\r\n			<p>Inventory Item</p>\r\n			</th>\r\n			<th scope="col" style="width:250px">\r\n			<p>Cost Per Unit</p>\r\n			</th>\r\n			<th scope="col" style="width:250px">\r\n			<p>Quantity on Hand</p>\r\n			</th>\r\n			<th scope="col" style="width:250px">\r\n			<p>Total Cost</p>\r\n			</th>\r\n		</tr>\r\n	</thead>\r\n	<tbody>\r\n		<tr>\r\n			<td style="width:250px">\r\n			<p>List your inventory &ndash; include any necessary internal codes</p>\r\n			</td>\r\n			<td style="width:250px">\r\n			<p>How much does each unit cost?</p>\r\n			</td>\r\n			<td style="width:250px">\r\n			<p>How many units do you have on hand?</p>\r\n			</td>\r\n			<td style="width:250px">\r\n			<p>What is the total cost?</p>\r\n			</td>\r\n		</tr>\r\n	</tbody>\r\n</table>\r\n', 0, '2015-10-18 18:17:03', '2015-12-02 14:03:44'),
(15, '<table border="1" cellpadding="1" cellspacing="1" style="width:100%">\r\n	<thead>\r\n		<tr>\r\n			<th scope="col" style="width: 160px;">\r\n			<p>Product/Service</p>\r\n			</th>\r\n			<th scope="col" style="width: 160px;">\r\n			<p>Distribution Channel</p>\r\n			</th>\r\n			<th scope="col" style="width: 160px;">\r\n			<p>Reason for Chosen Channel</p>\r\n			</th>\r\n			<th scope="col" style="width: 160px;">\r\n			<p>Method of Sale</p>\r\n			</th>\r\n			<th scope="col" style="width: 160px;">\r\n			<p>Strengths</p>\r\n			</th>\r\n			<th scope="col" style="width: 160px;">\r\n			<p>Weaknesses</p>\r\n			</th>\r\n		</tr>\r\n	</thead>\r\n	<tbody>\r\n		<tr>\r\n			<td style="width:160px">\r\n			<p>List the product/service</p>\r\n			</td>\r\n			<td style="width:160px">\r\n			<p>Where your customers will be able to purchase your product/service, .e.g., shopfront, online</p>\r\n			</td>\r\n			<td style="width:160px">\r\n			<p>Why you chose this channel, &nbsp;e.g., because it&rsquo;s where your target market is based</p>\r\n			</td>\r\n			<td style="width:160px">\r\n			<p>How you&rsquo;ll reach customers, e.g., salespeople actively selling door to door</p>\r\n			</td>\r\n			<td style="width:160px">\r\n			<p>List all strengths</p>\r\n			</td>\r\n			<td style="width:160px">\r\n			<p>List all weaknesses</p>\r\n			</td>\r\n		</tr>\r\n	</tbody>\r\n</table>\r\n', 0, '2015-10-18 18:17:16', '2015-10-18 18:25:55'),
(16, '<table align="left" border="1" cellpadding="0" cellspacing="0" style="width:100%" summary="A table with space to enter details of products and services, including the product/service name, a brief description, and price (including GST).">\r\n	<thead>\r\n		<tr>\r\n			<th style="width:217px">\r\n			<p>Legal Requirement</p>\r\n			</th>\r\n			<th style="width:345px">\r\n			<p>Description</p>\r\n			</th>\r\n			<th style="width:266px">\r\n			<p>Date Completed</p>\r\n			</th>\r\n			<th style="width:203px">\r\n			<p>Cost</p>\r\n			</th>\r\n		</tr>\r\n	</thead>\r\n	<tbody>\r\n		<tr>\r\n			<td style="width:217px">\r\n			<p>What is the legal requirement, e.g., trademark application</p>\r\n			</td>\r\n			<td style="width:345px">\r\n			<p>Give a brief description of your legal requirement. For example, do you need assistance from a lawyer to officially trademark your business name?</p>\r\n			</td>\r\n			<td style="width:266px">\r\n			<p>What date do you intend to have this completed?</p>\r\n			</td>\r\n			<td style="width:203px">\r\n			<p>Detail any costs associated, such as lawyer fees</p>\r\n			</td>\r\n		</tr>\r\n	</tbody>\r\n</table>\r\n\r\n<h3>Legal Counsel</h3>\r\n', 0, '2015-10-18 18:17:34', '2015-12-02 14:05:07'),
(17, '<table border="1" cellpadding="1" cellspacing="1" style="width:100%">\r\n	<thead>\r\n		<tr>\r\n			<th scope="col" style="width: 200px;">\r\n			<p>Insurance Type</p>\r\n			</th>\r\n			<th scope="col" style="width: 200px;">\r\n			<p>Description/Coverage</p>\r\n			</th>\r\n			<th scope="col" style="width: 200px;">\r\n			<p>Insurance Broker/Company/Contact Details</p>\r\n			</th>\r\n			<th scope="col" style="width: 200px;">\r\n			<p>Premiums/Cost</p>\r\n			</th>\r\n			<th scope="col" style="width: 200px;">\r\n			<p>Renewal Date</p>\r\n			</th>\r\n		</tr>\r\n	</thead>\r\n	<tbody>\r\n		<tr>\r\n			<td style="width:200px">\r\n			<p>Example: professional indemnity insurance</p>\r\n			</td>\r\n			<td style="width:200px">\r\n			<p>Give a brief description of the cover</p>\r\n			</td>\r\n			<td style="width:200px">\r\n			<p>Who is your policy with?</p>\r\n			</td>\r\n			<td style="width:200px">\r\n			<p>What are the costs associated with the policy?</p>\r\n			</td>\r\n			<td style="width:200px">\r\n			<p>When is your policy due for renewal?</p>\r\n			</td>\r\n		</tr>\r\n	</tbody>\r\n</table>\r\n', 0, '2015-10-18 18:17:50', '2015-10-18 18:26:19'),
(18, '<table border="1" cellpadding="1" cellspacing="1" style="width:100%">\r\n	<thead>\r\n		<tr>\r\n			<th>\r\n			<p>Potential Risk</p>\r\n			</th>\r\n			<th>\r\n			<p>Likelihood</p>\r\n			</th>\r\n			<th>\r\n			<p>Impact</p>\r\n			</th>\r\n			<th>\r\n			<p>Strategy to Avoid/Manage</p>\r\n			</th>\r\n		</tr>\r\n	</thead>\r\n	<tbody>\r\n		<tr>\r\n			<td>\r\n			<p>What is the potential risk to your business?</p>\r\n			</td>\r\n			<td>\r\n			<p>What is the likelihood this risk could occur (low, medium, high)?</p>\r\n			</td>\r\n			<td>\r\n			<p>What is the impact of the risk to your business (minor, moderate, significant)?</p>\r\n			</td>\r\n			<td>\r\n			<p>What strategies will you put in place to try and avoid the risk?</p>\r\n			</td>\r\n		</tr>\r\n	</tbody>\r\n</table>\r\n', 0, '2015-10-18 18:18:46', '2015-12-02 14:07:51'),
(19, '<table border="1" cellpadding="0" cellspacing="0" style="width:100%">\r\n	<thead>\r\n		<tr>\r\n			<th style="width:277px">\r\n			<p>Software and Programs</p>\r\n			</th>\r\n			<th style="width:126px">\r\n			<p>Purchase Date</p>\r\n			</th>\r\n			<th style="width:119px">\r\n			<p>Purchase Price</p>\r\n			</th>\r\n			<th style="width:97px">\r\n			<p>Updating or Running Costs</p>\r\n			</th>\r\n		</tr>\r\n	</thead>\r\n	<tbody>\r\n		<tr>\r\n			<td style="width:277px">\r\n			<p>File sharing programs/email systems</p>\r\n			</td>\r\n			<td style="width:126px">\r\n			<p>&nbsp;</p>\r\n			</td>\r\n			<td style="width:119px">\r\n			<p>&nbsp;</p>\r\n			</td>\r\n			<td style="width:97px">\r\n			<p>&nbsp;</p>\r\n			</td>\r\n		</tr>\r\n	</tbody>\r\n</table>\r\n\r\n<h2>&nbsp;</h2>\r\n\r\n<table border="1" cellpadding="0" cellspacing="0" style="width:100%">\r\n	<thead>\r\n		<tr>\r\n			<th style="width:267px">\r\n			<p>Potential IT Issues/Required Updates or Maintenance</p>\r\n			</th>\r\n			<th style="width:158px">\r\n			<p>Person Responsible</p>\r\n			</th>\r\n			<th style="width:176px">\r\n			<p>Dates of Scheduled Updates/Maintenance</p>\r\n			</th>\r\n		</tr>\r\n	</thead>\r\n	<tbody>\r\n		<tr>\r\n			<td style="width:267px">\r\n			<p>Example: update all anti-virus software</p>\r\n			</td>\r\n			<td style="width:158px">\r\n			<p>&nbsp;</p>\r\n			</td>\r\n			<td style="width:176px">\r\n			<p>&nbsp;</p>\r\n			</td>\r\n		</tr>\r\n	</tbody>\r\n</table>\r\n', 0, '2015-10-18 18:19:40', '2015-11-25 05:38:00'),
(20, '<table border="1" cellpadding="0" cellspacing="0" style="width:100%" summary="A table with space to enter details of plant and equipment purchases under the headings: Equipment (e.g Personal Computer), purchase date (e.g. 20/03/2010), purchase price (e.g $2100) and running cost (e.g $100 a month).">\r\n	<thead>\r\n		<tr>\r\n			<th style="width:269px">\r\n			<p>Equipment</p>\r\n			</th>\r\n			<th style="width:122px">\r\n			<p>Purchase Date</p>\r\n			</th>\r\n			<th style="width:115px">\r\n			<p>Purchase Price</p>\r\n			</th>\r\n			<th style="width:95px">\r\n			<p>Running Cost</p>\r\n			</th>\r\n		</tr>\r\n	</thead>\r\n	<tbody>\r\n		<tr>\r\n			<td style="width:269px">\r\n			<p>Examples: machinery/printers/computers</p>\r\n			</td>\r\n			<td style="width:122px">\r\n			<p>&nbsp;</p>\r\n			</td>\r\n			<td style="width:115px">\r\n			<p>&nbsp;</p>\r\n			</td>\r\n			<td style="width:95px">\r\n			<p>&nbsp;</p>\r\n			</td>\r\n		</tr>\r\n	</tbody>\r\n</table>\r\n', 0, '2015-10-18 18:19:56', '2015-10-18 18:19:56'),
(21, '<table align="left" border="1" cellpadding="1" cellspacing="1" style="width:100%">\r\n	<tbody>\r\n		<tr>\r\n			<td>\r\n			<p><strong>Name</strong></p>\r\n			</td>\r\n			<td>\r\n			<p><strong>Date Established</strong></p>\r\n			</td>\r\n			<td>\r\n			<p><strong>Business Size </strong></p>\r\n			</td>\r\n			<td>\r\n			<p><strong>Estimated Turnover/Market Share</strong></p>\r\n			</td>\r\n			<td>\r\n			<p><strong>Value to Customer</strong></p>\r\n			</td>\r\n			<td>\r\n			<p><strong>Business Strengths</strong></p>\r\n			</td>\r\n			<td>\r\n			<p><strong>Business Weaknesses</strong></p>\r\n			</td>\r\n		</tr>\r\n		<tr>\r\n			<td>\r\n			<p>Competitor name</p>\r\n			</td>\r\n			<td>\r\n			<p>When did they enter the market?</p>\r\n			</td>\r\n			<td>\r\n			<p>Staff numbers, sites, offices, stores etc.</p>\r\n\r\n			<p>&nbsp;</p>\r\n			</td>\r\n			<td>\r\n			<p>Estimated revenue and market share of competitor</p>\r\n			</td>\r\n			<td>\r\n			<p>Niche product/service, time in market etc.</p>\r\n			</td>\r\n			<td>\r\n			<p>Example: convenience to customer</p>\r\n			</td>\r\n			<td>\r\n			<p>Limited offering, cost of product/service etc.</p>\r\n			</td>\r\n		</tr>\r\n	</tbody>\r\n</table>\r\n', 0, '2015-10-18 18:22:31', '2015-10-18 18:22:31'),
(22, '<table border="1" cellpadding="1" cellspacing="1" style="width:100%">\r\n	<thead>\r\n		<tr>\r\n			<th scope="col">\r\n			<p><strong>STRENGTHS</strong></p>\r\n			</th>\r\n			<th scope="col">\r\n			<p><strong>WEAKNESSES</strong></p>\r\n			</th>\r\n		</tr>\r\n	</thead>\r\n	<tbody>\r\n		<tr>\r\n			<td>\r\n			<p>What you&rsquo;re good at</p>\r\n			</td>\r\n			<td>\r\n			<p>What you&rsquo;re not so good at</p>\r\n			</td>\r\n		</tr>\r\n	</tbody>\r\n</table>\r\n\r\n<p></p>\r\n\r\n<table border="1" cellpadding="1" cellspacing="1" style="width:100%">\r\n	<thead>\r\n		<tr>\r\n			<th scope="col"><strong>OPPORTUNITIES</strong></th>\r\n			<th scope="col"><strong>THREATS</strong></th>\r\n		</tr>\r\n	</thead>\r\n	<tbody>\r\n		<tr>\r\n			<td>\r\n			<p>Areas of growth for your business that will give you an edge over competitors</p>\r\n			</td>\r\n			<td>\r\n			<p>What will influence your business growth/success?</p>\r\n			</td>\r\n		</tr>\r\n	</tbody>\r\n</table>\r\n', 0, '2015-10-18 18:23:09', '2015-12-02 16:38:14'),
(23, '<table border="1" cellpadding="1" cellspacing="1" style="width:100%">\r\n	<thead>\r\n		<tr>\r\n			<th scope="col" style="width:140px">\r\n			<p>Marketing and Media Activity</p>\r\n			</th>\r\n			<th scope="col" style="width:140px">\r\n			<p>Target Product/Service</p>\r\n			</th>\r\n			<th scope="col" style="width:140px">\r\n			<p>Reason for Chosen Channel</p>\r\n			</th>\r\n			<th scope="col" style="width:140px">\r\n			<p>Measurement of Success</p>\r\n			</th>\r\n			<th scope="col" style="width:140px">\r\n			<p>Total Budget Allocation ($)</p>\r\n			</th>\r\n			<th scope="col" style="width:140px">\r\n			<p>When</p>\r\n			</th>\r\n			<th scope="col" style="width:140px">\r\n			<p>Person Responsible</p>\r\n			</th>\r\n		</tr>\r\n	</thead>\r\n	<tbody>\r\n		<tr>\r\n			<td style="width:140px">\r\n			<p>AdWords, radio, giveaways, launch, media release etc.</p>\r\n			</td>\r\n			<td style="width:140px">\r\n			<p>&nbsp;</p>\r\n			</td>\r\n			<td style="width:140px">\r\n			<p>E.g. product launch, sales, brand awareness</p>\r\n			</td>\r\n			<td style="width:140px">\r\n			<p>E.g. Increase sales by 20%</p>\r\n			</td>\r\n			<td style="width:140px">\r\n			<p>$</p>\r\n			</td>\r\n			<td style="width:140px">\r\n			<p>Insert campaign dates</p>\r\n			</td>\r\n			<td style="width:140px">\r\n			<p>Who will be responsible for carrying out the campaign?</p>\r\n			</td>\r\n		</tr>\r\n	</tbody>\r\n</table>\r\n', 0, '2015-10-18 18:23:38', '2015-10-18 18:24:36'),
(24, '<table><thead><tr><th>\r\n			<p><strong>Name</strong></p>\r\n			</th>\r\n			<th>\r\n			<p><strong>Date Established</strong></p>\r\n			</th>\r\n			<th>\r\n			<p><strong>Business Size </strong></p>\r\n			</th>\r\n			<th>\r\n			<p><strong>Estimated Turnover/Market Share</strong></p>\r\n			</th>\r\n			<th>\r\n			<p><strong>Value to Customer</strong></p>\r\n			</th>\r\n			<th>\r\n			<p><strong>Business Strengths</strong></p>\r\n			</th>\r\n			<th>\r\n			<p><strong>Business Weaknesses</strong></p>\r\n			</th>\r\n		</tr></thead><tbody><tr><td>\r\n			<p>Competitor name</p>\r\n			</td>\r\n			<td>\r\n			<p>Date competitor entered the market</p>\r\n			</td>\r\n			<td>\r\n			<p>Staff numbers, sites, offices, stores etc.</p>\r\n\r\n			<p> </p>\r\n			</td>\r\n			<td>\r\n			<p>Estimated turnover and market share of competitor</p>\r\n			</td>\r\n			<td>\r\n			<p>Value to their customers</p>\r\n\r\n			<p>(e.g. niche product or service, time in market)</p>\r\n			</td>\r\n			<td>\r\n			<p>Advantages over competitors (e.g. convenience to customers)</p>\r\n			</td>\r\n			<td>\r\n			<p>Flaws in products or services (e.g. limited offering, cost of product or service)</p>\r\n			</td>\r\n		</tr></tbody></table>', 73, '2015-11-26 02:04:35', '2015-11-26 02:04:35'),
(25, '<table border="1" cellpadding="1" cellspacing="1" style="width:100%">\r\n	<thead>\r\n		<tr>\r\n			<th scope="col">\r\n			<p><strong>STRENGTHS</strong></p>\r\n			</th>\r\n			<th scope="col">\r\n			<p><strong>WEAKNESSES</strong></p>\r\n			</th>\r\n		</tr>\r\n	</thead>\r\n	<tbody>\r\n		<tr>\r\n			<td>\r\n			<p>What you&rsquo;re good at</p>\r\n			</td>\r\n			<td>\r\n			<p>What you&rsquo;re not so good at</p>\r\n			</td>\r\n		</tr>\r\n	</tbody>\r\n</table>\r\n\r\n<p></p>\r\n\r\n<table border="1" cellpadding="1" cellspacing="1" style="width:100%">\r\n	<thead>\r\n		<tr>\r\n			<th scope="col"><strong>OPPORTUNITIES</strong></th>\r\n			<th scope="col"><strong>THREATS</strong></th>\r\n		</tr>\r\n	</thead>\r\n	<tbody>\r\n		<tr>\r\n			<td>\r\n			<p>Areas of growth for your business that will give you an edge over competitors</p>\r\n			</td>\r\n			<td>\r\n			<p>What will influence your business growth/success?</p>\r\n			</td>\r\n		</tr>\r\n	</tbody>\r\n</table>\r\n', 74, '2015-11-26 02:05:20', '2015-12-02 16:38:24'),
(26, '<table><thead><tr><th>\r\n			<p>Channel type</p>\r\n			</th>\r\n			<th>\r\n			<p>Products/services</p>\r\n			</th>\r\n			<th>\r\n			<p>Percentage of sales (%)</p>\r\n			</th>\r\n			<th>\r\n			<p>Distribution strategy</p>\r\n			</th>\r\n		</tr></thead><tbody><tr><td>\r\n			<p>i.e., shopfront/internet/wholesale</p>\r\n			</td>\r\n			<td>\r\n			<p>List all the products/services sold via this channel</p>\r\n			</td>\r\n			<td>\r\n			<p>What percentage of overall sales do you expect to sell via this channel?</p>\r\n			</td>\r\n			<td>\r\n			<p>Why have you decided to use this channel type? How and when will you use it?</p>\r\n			</td>\r\n		</tr></tbody></table>', 64, '2015-11-26 02:06:01', '2015-11-26 02:06:01'),
(27, '<p> </p>\r\n\r\n<table><thead><tr><th>\r\n			<p>Goals/Objective</p>\r\n			</th>\r\n			<th>\r\n			<p>How are you going to measure the success of your objective? Is it realistic?</p>\r\n			</th>\r\n			<th>\r\n			<p>What steps will you take to achieve your goals / objectives</p>\r\n			</th>\r\n			<th>\r\n			<p>When do you expect to achieve your set goals / objectives?</p>\r\n			</th>\r\n			<th>\r\n			<p>Person responsible</p>\r\n			</th>\r\n		</tr></thead><tbody><tr><td>\r\n			<p>What are the business goals / objectives? Make them specific.</p>\r\n			</td>\r\n			<td>\r\n			<p> </p>\r\n			</td>\r\n			<td>\r\n			<p> </p>\r\n			</td>\r\n			<td>\r\n			<p> </p>\r\n			</td>\r\n			<td>\r\n			<p> </p>\r\n			</td>\r\n		</tr></tbody></table>', 65, '2015-11-26 02:07:06', '2015-11-26 02:07:06'),
(28, '<table>\r\n	<thead>\r\n		<tr>\r\n			<th>\r\n			<p>Planned marketing and media activity</p>\r\n			</th>\r\n			<th>\r\n			<p>Reason for using the media / measurement of success?</p>\r\n			</th>\r\n			<th>\r\n			<p>Total budget allocation ($)</p>\r\n			</th>\r\n			<th>\r\n			<p>Live dates</p>\r\n			</th>\r\n			<th>\r\n			<p>Who&rsquo;s responsible</p>\r\n			</th>\r\n		</tr>\r\n	</thead>\r\n	<tbody>\r\n		<tr>\r\n			<td>\r\n			<p>List each planned activity</p>\r\n			</td>\r\n			<td>\r\n			<p>e.g., increase sales by 10%</p>\r\n			</td>\r\n			<td>\r\n			<p>What is your budget per planned activity?</p>\r\n			</td>\r\n			<td>\r\n			<p>List the dates of your planned activity</p>\r\n			</td>\r\n			<td>\r\n			<p>Who&rsquo;ll be responsible for executing the activity?</p>\r\n			</td>\r\n		</tr>\r\n	</tbody>\r\n</table>\r\n', 66, '2015-11-26 02:07:48', '2015-12-06 07:58:53'),
(29, '<table><thead><tr><th>\r\n			<p>Marketing and media activity</p>\r\n			</th>\r\n			<th>\r\n			<p>Date of review</p>\r\n			</th>\r\n			<th>\r\n			<p>Monitoring methods</p>\r\n			</th>\r\n			<th>\r\n			<p>Review outcomes</p>\r\n			</th>\r\n		</tr></thead><tbody><tr><td>\r\n			<p>(Detail what media you used)</p>\r\n			</td>\r\n			<td>\r\n			<p>(Date of the activity)</p>\r\n			</td>\r\n			<td>\r\n			<p>(How did you measure the success of the media used?)</p>\r\n			</td>\r\n			<td>\r\n			<p>(What were the results? Did the activity drive sales, click through to your website, likes | shares on social media or building a partnership)</p>\r\n			</td>\r\n		</tr></tbody></table>', 69, '2015-11-26 02:10:00', '2015-11-26 02:10:00'),
(30, '<h3>Recruitment Options</h3>\r\n\r\n<p>Please type here or just delete this section.</p>\r\n\r\n<h3>Training Programs</h3>\r\n\r\n<p>Please type here or just delete this section.</p>\r\n\r\n<h3>Skill Retention Strategies</h3>\r\n\r\n<p>Please type here or just delete this section.</p>\r\n', 40, '2015-12-02 14:02:18', '2015-12-02 14:03:03'),
(31, '<h3>Accountant</h3>\r\n\r\n<p>Please delete if unnecessary.</p>\r\n\r\n<h3>Accountant System</h3>\r\n\r\n<p>Please delete if unnecessary.</p>\r\n\r\n<h3>Payment Methods</h3>\r\n\r\n<p>Please delete if unnecessary.</p>\r\n', 49, '2015-12-02 14:06:38', '2015-12-02 14:07:19'),
(32, '<table>\r\n	<thead>\r\n		<tr>\r\n			<th>\r\n			<p><strong>Marketing &amp; Media Activity</strong></p>\r\n			</th>\r\n			<th>\r\n			<p><strong>January</strong></p>\r\n			</th>\r\n			<th></th>\r\n			<th></th>\r\n			<th></th>\r\n			<th></th>\r\n		</tr>\r\n	</thead>\r\n	<tbody>\r\n		<tr>\r\n			<td>\r\n			<p><strong>Monthly Sales Goal</strong></p>\r\n			</td>\r\n			<td>\r\n			<p></p>\r\n\r\n			<p>&nbsp;&nbsp;</p>\r\n			</td>\r\n			<td></td>\r\n			<td></td>\r\n			<td></td>\r\n			<td></td>\r\n		</tr>\r\n		<tr>\r\n			<td>\r\n			<p><strong>Week of (Mon. Start)</strong></p>\r\n			</td>\r\n			<td>\r\n			<p>2</p>\r\n			</td>\r\n			<td>\r\n			<p>9</p>\r\n			</td>\r\n			<td>\r\n			<p>16</p>\r\n			</td>\r\n			<td>\r\n			<p>23</p>\r\n			</td>\r\n			<td>\r\n			<p>30</p>\r\n			</td>\r\n		</tr>\r\n		<tr>\r\n			<td>\r\n			<p><strong>Key Dates &amp; Events</strong></p>\r\n			</td>\r\n			<td>\r\n			<p></p>\r\n\r\n			<p>New Years</p>\r\n			</td>\r\n			<td></td>\r\n			<td></td>\r\n			<td></td>\r\n			<td></td>\r\n		</tr>\r\n		<tr>\r\n			<td>\r\n			<h3><strong>Sales Promotions</strong></h3>\r\n			</td>\r\n			<td></td>\r\n			<td></td>\r\n			<td></td>\r\n			<td></td>\r\n			<td></td>\r\n		</tr>\r\n		<tr>\r\n			<td>\r\n			<p>Collateral &amp; presentations</p>\r\n			</td>\r\n			<td></td>\r\n			<td></td>\r\n			<td></td>\r\n			<td></td>\r\n			<td></td>\r\n		</tr>\r\n		<tr>\r\n			<td>\r\n			<p>In store/online point of purchase signage/banners</p>\r\n			</td>\r\n			<td></td>\r\n			<td></td>\r\n			<td></td>\r\n			<td></td>\r\n			<td></td>\r\n		</tr>\r\n		<tr>\r\n			<td>\r\n			<h3><strong>Sponsorships/Events</strong></h3>\r\n			</td>\r\n			<td></td>\r\n			<td></td>\r\n			<td></td>\r\n			<td></td>\r\n			<td></td>\r\n		</tr>\r\n		<tr>\r\n			<td>\r\n			<p>Special events</p>\r\n			</td>\r\n			<td></td>\r\n			<td></td>\r\n			<td></td>\r\n			<td></td>\r\n			<td></td>\r\n		</tr>\r\n		<tr>\r\n			<td>\r\n			<p>Sponsorships/partnerships</p>\r\n			</td>\r\n			<td></td>\r\n			<td></td>\r\n			<td></td>\r\n			<td></td>\r\n			<td></td>\r\n		</tr>\r\n		<tr>\r\n			<td>\r\n			<p>Loyalty programs</p>\r\n			</td>\r\n			<td></td>\r\n			<td></td>\r\n			<td></td>\r\n			<td></td>\r\n			<td></td>\r\n		</tr>\r\n		<tr>\r\n			<td>\r\n			<p>PR/media releases</p>\r\n			</td>\r\n			<td></td>\r\n			<td></td>\r\n			<td></td>\r\n			<td></td>\r\n			<td></td>\r\n		</tr>\r\n		<tr>\r\n			<td>\r\n			<h3><strong>Online Activity</strong></h3>\r\n			</td>\r\n			<td></td>\r\n			<td></td>\r\n			<td></td>\r\n			<td></td>\r\n			<td></td>\r\n		</tr>\r\n		<tr>\r\n			<td>\r\n			<p>Keyword/search/Google AdWords</p>\r\n			</td>\r\n			<td></td>\r\n			<td></td>\r\n			<td></td>\r\n			<td></td>\r\n			<td></td>\r\n		</tr>\r\n		<tr>\r\n			<td>\r\n			<p>Site targeted ads</p>\r\n			</td>\r\n			<td></td>\r\n			<td></td>\r\n			<td></td>\r\n			<td></td>\r\n			<td></td>\r\n		</tr>\r\n		<tr>\r\n			<td>\r\n			<p>EDMs</p>\r\n			</td>\r\n			<td></td>\r\n			<td></td>\r\n			<td></td>\r\n			<td></td>\r\n			<td></td>\r\n		</tr>\r\n		<tr>\r\n			<td>\r\n			<p>Display advertising</p>\r\n			</td>\r\n			<td></td>\r\n			<td></td>\r\n			<td></td>\r\n			<td></td>\r\n			<td></td>\r\n		</tr>\r\n		<tr>\r\n			<td>\r\n			<p>Blogs</p>\r\n			</td>\r\n			<td></td>\r\n			<td></td>\r\n			<td></td>\r\n			<td></td>\r\n			<td></td>\r\n		</tr>\r\n		<tr>\r\n			<td>\r\n			<p>Podcasts</p>\r\n			</td>\r\n			<td></td>\r\n			<td></td>\r\n			<td></td>\r\n			<td></td>\r\n			<td></td>\r\n		</tr>\r\n		<tr>\r\n			<td>\r\n			<p>Surveys (customer)</p>\r\n			</td>\r\n			<td></td>\r\n			<td></td>\r\n			<td></td>\r\n			<td></td>\r\n			<td></td>\r\n		</tr>\r\n		<tr>\r\n			<td>\r\n			<p>Mobile</p>\r\n			</td>\r\n			<td></td>\r\n			<td></td>\r\n			<td></td>\r\n			<td></td>\r\n			<td></td>\r\n		</tr>\r\n		<tr>\r\n			<td>\r\n			<p>Add more&hellip;</p>\r\n			</td>\r\n			<td></td>\r\n			<td></td>\r\n			<td></td>\r\n			<td></td>\r\n			<td></td>\r\n		</tr>\r\n		<tr>\r\n			<td>\r\n			<h3><strong>Social Media</strong></h3>\r\n			</td>\r\n			<td></td>\r\n			<td></td>\r\n			<td></td>\r\n			<td></td>\r\n			<td></td>\r\n		</tr>\r\n		<tr>\r\n			<td>\r\n			<p>Facebook</p>\r\n			</td>\r\n			<td></td>\r\n			<td></td>\r\n			<td></td>\r\n			<td></td>\r\n			<td></td>\r\n		</tr>\r\n		<tr>\r\n			<td>\r\n			<p>Instagram</p>\r\n			</td>\r\n			<td></td>\r\n			<td></td>\r\n			<td></td>\r\n			<td></td>\r\n			<td></td>\r\n		</tr>\r\n		<tr>\r\n			<td>\r\n			<p>Twitter</p>\r\n			</td>\r\n			<td></td>\r\n			<td></td>\r\n			<td></td>\r\n			<td></td>\r\n			<td></td>\r\n		</tr>\r\n		<tr>\r\n			<td>\r\n			<p>Linkedin</p>\r\n			</td>\r\n			<td></td>\r\n			<td></td>\r\n			<td></td>\r\n			<td></td>\r\n			<td></td>\r\n		</tr>\r\n		<tr>\r\n			<td>\r\n			<p>Pinterest</p>\r\n			</td>\r\n			<td></td>\r\n			<td></td>\r\n			<td></td>\r\n			<td></td>\r\n			<td></td>\r\n		</tr>\r\n		<tr>\r\n			<td>\r\n			<p>YouTube</p>\r\n			</td>\r\n			<td></td>\r\n			<td></td>\r\n			<td></td>\r\n			<td></td>\r\n			<td></td>\r\n		</tr>\r\n		<tr>\r\n			<td>\r\n			<p>Add more&hellip;</p>\r\n			</td>\r\n			<td></td>\r\n			<td></td>\r\n			<td></td>\r\n			<td></td>\r\n			<td></td>\r\n		</tr>\r\n		<tr>\r\n			<td>\r\n			<h3><strong>Media</strong></h3>\r\n			</td>\r\n			<td></td>\r\n			<td></td>\r\n			<td></td>\r\n			<td></td>\r\n			<td></td>\r\n		</tr>\r\n		<tr>\r\n			<td>\r\n			<p>TV</p>\r\n			</td>\r\n			<td></td>\r\n			<td></td>\r\n			<td></td>\r\n			<td></td>\r\n			<td></td>\r\n		</tr>\r\n		<tr>\r\n			<td>\r\n			<p>Radio</p>\r\n			</td>\r\n			<td></td>\r\n			<td></td>\r\n			<td></td>\r\n			<td></td>\r\n			<td></td>\r\n		</tr>\r\n		<tr>\r\n			<td>\r\n			<p>Print (magazines/newspapers/street press)</p>\r\n			</td>\r\n			<td></td>\r\n			<td></td>\r\n			<td></td>\r\n			<td></td>\r\n			<td></td>\r\n		</tr>\r\n		<tr>\r\n			<td>\r\n			<p>Outdoor (billboards/buses/trains/taxis/retail etc.)</p>\r\n			</td>\r\n			<td></td>\r\n			<td></td>\r\n			<td></td>\r\n			<td></td>\r\n			<td></td>\r\n		</tr>\r\n		<tr>\r\n			<td>\r\n			<p>Direct/flyers/mailouts</p>\r\n			</td>\r\n			<td></td>\r\n			<td></td>\r\n			<td></td>\r\n			<td></td>\r\n			<td></td>\r\n		</tr>\r\n		<tr>\r\n			<td>\r\n			<p>Add more&hellip;</p>\r\n			</td>\r\n			<td></td>\r\n			<td></td>\r\n			<td></td>\r\n			<td></td>\r\n			<td></td>\r\n		</tr>\r\n	</tbody>\r\n</table>\r\n', 68, '2015-12-10 05:07:23', '2015-12-18 04:35:52'),
(33, '<table><thead><tr><th>\r\n			<p>Date</p>\r\n			</th>\r\n			<th>\r\n			<p>Author</p>\r\n			</th>\r\n			<th>\r\n			<p>Topic</p>\r\n			</th>\r\n			<th>\r\n			<p>Digital Social Media Channel</p>\r\n			</th>\r\n			<th>\r\n			<p>Status</p>\r\n			</th>\r\n			<th>\r\n			<p>Call to Action/Message</p>\r\n			</th>\r\n			<th>\r\n			<p>Keywords</p>\r\n			</th>\r\n			<th>\r\n			<p>HashTags</p>\r\n			</th>\r\n		</tr></thead><tbody><tr><td>\r\n			<p><strong>Week One</strong></p>\r\n			</td>\r\n			<td>\r\n			\r\n			</td>\r\n			<td>\r\n			\r\n			</td>\r\n			<td>\r\n			\r\n			</td>\r\n			<td>\r\n			\r\n			</td>\r\n			<td>\r\n			\r\n			</td>\r\n			<td>\r\n			\r\n			</td>\r\n			<td>\r\n			\r\n			</td>\r\n		</tr><tr><td>\r\n			<p>Monday</p>\r\n			</td>\r\n			<td>\r\n			\r\n			</td>\r\n			<td>\r\n			\r\n			</td>\r\n			<td>\r\n			\r\n			</td>\r\n			<td>\r\n			\r\n			</td>\r\n			<td>\r\n			\r\n			</td>\r\n			<td>\r\n			\r\n			</td>\r\n			<td>\r\n			\r\n			</td>\r\n		</tr><tr><td>\r\n			<p>Tuesday</p>\r\n			</td>\r\n			<td>\r\n			\r\n			</td>\r\n			<td>\r\n			\r\n			</td>\r\n			<td>\r\n			\r\n			</td>\r\n			<td>\r\n			\r\n			</td>\r\n			<td>\r\n			\r\n			</td>\r\n			<td>\r\n			\r\n			</td>\r\n			<td>\r\n			\r\n			</td>\r\n		</tr><tr><td>\r\n			<p>Wednesday</p>\r\n			</td>\r\n			<td>\r\n			\r\n			</td>\r\n			<td>\r\n			\r\n			</td>\r\n			<td>\r\n			\r\n			</td>\r\n			<td>\r\n			\r\n			</td>\r\n			<td>\r\n			\r\n			</td>\r\n			<td>\r\n			\r\n			</td>\r\n			<td>\r\n			\r\n			</td>\r\n		</tr><tr><td>\r\n			<p>Thursday</p>\r\n			</td>\r\n			<td>\r\n			\r\n			</td>\r\n			<td>\r\n			\r\n			</td>\r\n			<td>\r\n			\r\n			</td>\r\n			<td>\r\n			\r\n			</td>\r\n			<td>\r\n			\r\n			</td>\r\n			<td>\r\n			\r\n			</td>\r\n			<td>\r\n			\r\n			</td>\r\n		</tr><tr><td>\r\n			<p>Friday</p>\r\n			</td>\r\n			<td>\r\n			\r\n			</td>\r\n			<td>\r\n			\r\n			</td>\r\n			<td>\r\n			\r\n			</td>\r\n			<td>\r\n			\r\n			</td>\r\n			<td>\r\n			\r\n			</td>\r\n			<td>\r\n			\r\n			</td>\r\n			<td>\r\n			\r\n			</td>\r\n		</tr><tr><td>\r\n			<p>Saturday</p>\r\n			</td>\r\n			<td>\r\n			\r\n			</td>\r\n			<td>\r\n			\r\n			</td>\r\n			<td>\r\n			\r\n			</td>\r\n			<td>\r\n			\r\n			</td>\r\n			<td>\r\n			\r\n			</td>\r\n			<td>\r\n			\r\n			</td>\r\n			<td>\r\n			\r\n			</td>\r\n		</tr><tr><td>\r\n			<p>Sunday</p>\r\n			</td>\r\n			<td>\r\n			\r\n			</td>\r\n			<td>\r\n			\r\n			</td>\r\n			<td>\r\n			\r\n			</td>\r\n			<td>\r\n			\r\n			</td>\r\n			<td>\r\n			\r\n			</td>\r\n			<td>\r\n			\r\n			</td>\r\n			<td>\r\n			\r\n			</td>\r\n		</tr><tr><td>\r\n			<p><strong>Week Two</strong></p>\r\n			</td>\r\n			<td>\r\n			\r\n			</td>\r\n			<td>\r\n			\r\n			</td>\r\n			<td>\r\n			\r\n			</td>\r\n			<td>\r\n			\r\n			</td>\r\n			<td>\r\n			\r\n			</td>\r\n			<td>\r\n			\r\n			</td>\r\n			<td>\r\n			\r\n			</td>\r\n		</tr></tbody></table>', 78, '2015-12-10 05:09:18', '2015-12-10 05:09:18'),
(34, '<table><thead><tr><th>\r\n			<p>Item</p>\r\n			</th>\r\n			<th>\r\n			<p>Jan</p>\r\n			</th>\r\n			<th>\r\n			<p>Feb</p>\r\n			</th>\r\n			<th>\r\n			<p>Mar</p>\r\n			</th>\r\n			<th>\r\n			<p>Apr</p>\r\n			</th>\r\n			<th>\r\n			<p>May</p>\r\n			</th>\r\n			<th>\r\n			<p>Jun</p>\r\n			</th>\r\n			<th>\r\n			<p>Jul</p>\r\n			</th>\r\n			<th>\r\n			<p>Aug</p>\r\n			</th>\r\n			<th>\r\n			<p>Sep</p>\r\n			</th>\r\n			<th>\r\n			<p>Oct</p>\r\n			</th>\r\n			<th>\r\n			<p>Nov</p>\r\n			</th>\r\n			<th>\r\n			<p>Dec</p>\r\n			</th>\r\n			<th>\r\n			<p>Total</p>\r\n			</th>\r\n		</tr></thead><tbody><tr><td>\r\n			<p><strong>Marketing/Media Tool</strong></p>\r\n			</td>\r\n		</tr><tr><td>\r\n			<p>Sales promotions</p>\r\n			</td>\r\n			<td>\r\n			\r\n			</td>\r\n			<td>\r\n			\r\n			</td>\r\n			<td>\r\n			\r\n			</td>\r\n			<td>\r\n			\r\n			</td>\r\n			<td>\r\n			\r\n			</td>\r\n			<td>\r\n			\r\n			</td>\r\n			<td>\r\n			\r\n			</td>\r\n			<td>\r\n			\r\n			</td>\r\n			<td>\r\n			\r\n			</td>\r\n			<td>\r\n			\r\n			</td>\r\n			<td>\r\n			\r\n			</td>\r\n			<td>\r\n			\r\n			</td>\r\n			<td>\r\n			\r\n			</td>\r\n		</tr><tr><td>\r\n			<p>Facebook</p>\r\n			</td>\r\n			<td>\r\n			\r\n			</td>\r\n			<td>\r\n			\r\n			</td>\r\n			<td>\r\n			\r\n			</td>\r\n			<td>\r\n			\r\n			</td>\r\n			<td>\r\n			\r\n			</td>\r\n			<td>\r\n			\r\n			</td>\r\n			<td>\r\n			\r\n			</td>\r\n			<td>\r\n			\r\n			</td>\r\n			<td>\r\n			\r\n			</td>\r\n			<td>\r\n			\r\n			</td>\r\n			<td>\r\n			\r\n			</td>\r\n			<td>\r\n			\r\n			</td>\r\n			<td>\r\n			\r\n			</td>\r\n		</tr><tr><td>\r\n			<p>Twitter</p>\r\n			</td>\r\n			<td>\r\n			\r\n			</td>\r\n			<td>\r\n			\r\n			</td>\r\n			<td>\r\n			\r\n			</td>\r\n			<td>\r\n			\r\n			</td>\r\n			<td>\r\n			\r\n			</td>\r\n			<td>\r\n			\r\n			</td>\r\n			<td>\r\n			\r\n			</td>\r\n			<td>\r\n			\r\n			</td>\r\n			<td>\r\n			\r\n			</td>\r\n			<td>\r\n			\r\n			</td>\r\n			<td>\r\n			\r\n			</td>\r\n			<td>\r\n			\r\n			</td>\r\n			<td>\r\n			\r\n			</td>\r\n		</tr><tr><td>\r\n			<p>LinkedIn</p>\r\n			</td>\r\n			<td>\r\n			\r\n			</td>\r\n			<td>\r\n			\r\n			</td>\r\n			<td>\r\n			\r\n			</td>\r\n			<td>\r\n			\r\n			</td>\r\n			<td>\r\n			\r\n			</td>\r\n			<td>\r\n			\r\n			</td>\r\n			<td>\r\n			\r\n			</td>\r\n			<td>\r\n			\r\n			</td>\r\n			<td>\r\n			\r\n			</td>\r\n			<td>\r\n			\r\n			</td>\r\n			<td>\r\n			\r\n			</td>\r\n			<td>\r\n			\r\n			</td>\r\n			<td>\r\n			\r\n			</td>\r\n		</tr><tr><td>\r\n			<p>Google AdWords</p>\r\n			</td>\r\n			<td>\r\n			\r\n			</td>\r\n			<td>\r\n			\r\n			</td>\r\n			<td>\r\n			\r\n			</td>\r\n			<td>\r\n			\r\n			</td>\r\n			<td>\r\n			\r\n			</td>\r\n			<td>\r\n			\r\n			</td>\r\n			<td>\r\n			\r\n			</td>\r\n			<td>\r\n			\r\n			</td>\r\n			<td>\r\n			\r\n			</td>\r\n			<td>\r\n			\r\n			</td>\r\n			<td>\r\n			\r\n			</td>\r\n			<td>\r\n			\r\n			</td>\r\n			<td>\r\n			\r\n			</td>\r\n		</tr><tr><td>\r\n			<p>Email marketing (EDM)</p>\r\n			</td>\r\n			<td>\r\n			\r\n			</td>\r\n			<td>\r\n			\r\n			</td>\r\n			<td>\r\n			\r\n			</td>\r\n			<td>\r\n			\r\n			</td>\r\n			<td>\r\n			\r\n			</td>\r\n			<td>\r\n			\r\n			</td>\r\n			<td>\r\n			\r\n			</td>\r\n			<td>\r\n			\r\n			</td>\r\n			<td>\r\n			\r\n			</td>\r\n			<td>\r\n			\r\n			</td>\r\n			<td>\r\n			\r\n			</td>\r\n			<td>\r\n			\r\n			</td>\r\n			<td>\r\n			\r\n			</td>\r\n		</tr><tr><td>\r\n			<p>Blogs</p>\r\n			</td>\r\n			<td>\r\n			\r\n			</td>\r\n			<td>\r\n			\r\n			</td>\r\n			<td>\r\n			\r\n			</td>\r\n			<td>\r\n			\r\n			</td>\r\n			<td>\r\n			\r\n			</td>\r\n			<td>\r\n			\r\n			</td>\r\n			<td>\r\n			\r\n			</td>\r\n			<td>\r\n			\r\n			</td>\r\n			<td>\r\n			\r\n			</td>\r\n			<td>\r\n			\r\n			</td>\r\n			<td>\r\n			\r\n			</td>\r\n			<td>\r\n			\r\n			</td>\r\n			<td>\r\n			\r\n			</td>\r\n		</tr><tr><td>\r\n			<p>Display advertising</p>\r\n			</td>\r\n			<td>\r\n			\r\n			</td>\r\n			<td>\r\n			\r\n			</td>\r\n			<td>\r\n			\r\n			</td>\r\n			<td>\r\n			\r\n			</td>\r\n			<td>\r\n			\r\n			</td>\r\n			<td>\r\n			\r\n			</td>\r\n			<td>\r\n			\r\n			</td>\r\n			<td>\r\n			\r\n			</td>\r\n			<td>\r\n			\r\n			</td>\r\n			<td>\r\n			\r\n			</td>\r\n			<td>\r\n			\r\n			</td>\r\n			<td>\r\n			\r\n			</td>\r\n			<td>\r\n			\r\n			</td>\r\n		</tr><tr><td>\r\n			<p>Radio</p>\r\n			</td>\r\n			<td>\r\n			\r\n			</td>\r\n			<td>\r\n			\r\n			</td>\r\n			<td>\r\n			\r\n			</td>\r\n			<td>\r\n			\r\n			</td>\r\n			<td>\r\n			\r\n			</td>\r\n			<td>\r\n			\r\n			</td>\r\n			<td>\r\n			\r\n			</td>\r\n			<td>\r\n			\r\n			</td>\r\n			<td>\r\n			\r\n			</td>\r\n			<td>\r\n			\r\n			</td>\r\n			<td>\r\n			\r\n			</td>\r\n			<td>\r\n			\r\n			</td>\r\n			<td>\r\n			\r\n			</td>\r\n		</tr><tr><td>\r\n			<p>Newspapers</p>\r\n			</td>\r\n			<td>\r\n			\r\n			</td>\r\n			<td>\r\n			\r\n			</td>\r\n			<td>\r\n			\r\n			</td>\r\n			<td>\r\n			\r\n			</td>\r\n			<td>\r\n			\r\n			</td>\r\n			<td>\r\n			\r\n			</td>\r\n			<td>\r\n			\r\n			</td>\r\n			<td>\r\n			\r\n			</td>\r\n			<td>\r\n			\r\n			</td>\r\n			<td>\r\n			\r\n			</td>\r\n			<td>\r\n			\r\n			</td>\r\n			<td>\r\n			\r\n			</td>\r\n			<td>\r\n			\r\n			</td>\r\n		</tr><tr><td>\r\n			<p>Magazines</p>\r\n			</td>\r\n			<td>\r\n			\r\n			</td>\r\n			<td>\r\n			\r\n			</td>\r\n			<td>\r\n			\r\n			</td>\r\n			<td>\r\n			\r\n			</td>\r\n			<td>\r\n			\r\n			</td>\r\n			<td>\r\n			\r\n			</td>\r\n			<td>\r\n			\r\n			</td>\r\n			<td>\r\n			\r\n			</td>\r\n			<td>\r\n			\r\n			</td>\r\n			<td>\r\n			\r\n			</td>\r\n			<td>\r\n			\r\n			</td>\r\n			<td>\r\n			\r\n			</td>\r\n			<td>\r\n			\r\n			</td>\r\n		</tr><tr><td>\r\n			<p>TV</p>\r\n			</td>\r\n			<td>\r\n			\r\n			</td>\r\n			<td>\r\n			\r\n			</td>\r\n			<td>\r\n			\r\n			</td>\r\n			<td>\r\n			\r\n			</td>\r\n			<td>\r\n			\r\n			</td>\r\n			<td>\r\n			\r\n			</td>\r\n			<td>\r\n			\r\n			</td>\r\n			<td>\r\n			\r\n			</td>\r\n			<td>\r\n			\r\n			</td>\r\n			<td>\r\n			\r\n			</td>\r\n			<td>\r\n			\r\n			</td>\r\n			<td>\r\n			\r\n			</td>\r\n			<td>\r\n			\r\n			</td>\r\n		</tr><tr><td>\r\n			<p>Giveaways</p>\r\n			</td>\r\n			<td>\r\n			\r\n			</td>\r\n			<td>\r\n			\r\n			</td>\r\n			<td>\r\n			\r\n			</td>\r\n			<td>\r\n			\r\n			</td>\r\n			<td>\r\n			\r\n			</td>\r\n			<td>\r\n			\r\n			</td>\r\n			<td>\r\n			\r\n			</td>\r\n			<td>\r\n			\r\n			</td>\r\n			<td>\r\n			\r\n			</td>\r\n			<td>\r\n			\r\n			</td>\r\n			<td>\r\n			\r\n			</td>\r\n			<td>\r\n			\r\n			</td>\r\n			<td>\r\n			\r\n			</td>\r\n		</tr><tr><td>\r\n			<p>Outdoor</p>\r\n			</td>\r\n			<td>\r\n			\r\n			</td>\r\n			<td>\r\n			\r\n			</td>\r\n			<td>\r\n			\r\n			</td>\r\n			<td>\r\n			\r\n			</td>\r\n			<td>\r\n			\r\n			</td>\r\n			<td>\r\n			\r\n			</td>\r\n			<td>\r\n			\r\n			</td>\r\n			<td>\r\n			\r\n			</td>\r\n			<td>\r\n			\r\n			</td>\r\n			<td>\r\n			\r\n			</td>\r\n			<td>\r\n			\r\n			</td>\r\n			<td>\r\n			\r\n			</td>\r\n			<td>\r\n			\r\n			</td>\r\n		</tr><tr><td>\r\n			<p>Events</p>\r\n			</td>\r\n			<td>\r\n			\r\n			</td>\r\n			<td>\r\n			\r\n			</td>\r\n			<td>\r\n			\r\n			</td>\r\n			<td>\r\n			\r\n			</td>\r\n			<td>\r\n			\r\n			</td>\r\n			<td>\r\n			\r\n			</td>\r\n			<td>\r\n			\r\n			</td>\r\n			<td>\r\n			\r\n			</td>\r\n			<td>\r\n			\r\n			</td>\r\n			<td>\r\n			\r\n			</td>\r\n			<td>\r\n			\r\n			</td>\r\n			<td>\r\n			\r\n			</td>\r\n			<td>\r\n			\r\n			</td>\r\n		</tr><tr><td>\r\n			<p>Sponsorships</p>\r\n			</td>\r\n			<td>\r\n			\r\n			</td>\r\n			<td>\r\n			\r\n			</td>\r\n			<td>\r\n			\r\n			</td>\r\n			<td>\r\n			\r\n			</td>\r\n			<td>\r\n			\r\n			</td>\r\n			<td>\r\n			\r\n			</td>\r\n			<td>\r\n			\r\n			</td>\r\n			<td>\r\n			\r\n			</td>\r\n			<td>\r\n			\r\n			</td>\r\n			<td>\r\n			\r\n			</td>\r\n			<td>\r\n			\r\n			</td>\r\n			<td>\r\n			\r\n			</td>\r\n			<td>\r\n			\r\n			</td>\r\n		</tr><tr><td>\r\n			<p>Add more…</p>\r\n			</td>\r\n			<td>\r\n			\r\n			</td>\r\n			<td>\r\n			\r\n			</td>\r\n			<td>\r\n			\r\n			</td>\r\n			<td>\r\n			\r\n			</td>\r\n			<td>\r\n			\r\n			</td>\r\n			<td>\r\n			\r\n			</td>\r\n			<td>\r\n			\r\n			</td>\r\n			<td>\r\n			\r\n			</td>\r\n			<td>\r\n			\r\n			</td>\r\n			<td>\r\n			\r\n			</td>\r\n			<td>\r\n			\r\n			</td>\r\n			<td>\r\n			\r\n			</td>\r\n			<td>\r\n			\r\n			</td>\r\n		</tr><tr><td>\r\n			<p><strong>Totals</strong></p>\r\n			</td>\r\n			<td>\r\n			\r\n			</td>\r\n			<td>\r\n			\r\n			</td>\r\n			<td>\r\n			\r\n			</td>\r\n			<td>\r\n			\r\n			</td>\r\n			<td>\r\n			\r\n			</td>\r\n			<td>\r\n			\r\n			</td>\r\n			<td>\r\n			\r\n			</td>\r\n			<td>\r\n			\r\n			</td>\r\n			<td>\r\n			\r\n			</td>\r\n			<td>\r\n			\r\n			</td>\r\n			<td>\r\n			\r\n			</td>\r\n			<td>\r\n			\r\n			</td>\r\n			<td>\r\n			\r\n			</td>\r\n		</tr><tr><td>\r\n			<p><strong>Production Costs</strong></p>\r\n			</td>\r\n		</tr><tr><td>\r\n			<p>Graphic design</p>\r\n			</td>\r\n			<td>\r\n			\r\n			</td>\r\n			<td>\r\n			\r\n			</td>\r\n			<td>\r\n			\r\n			</td>\r\n			<td>\r\n			\r\n			</td>\r\n			<td>\r\n			\r\n			</td>\r\n			<td>\r\n			\r\n			</td>\r\n			<td>\r\n			\r\n			</td>\r\n			<td>\r\n			\r\n			</td>\r\n			<td>\r\n			\r\n			</td>\r\n			<td>\r\n			\r\n			</td>\r\n			<td>\r\n			\r\n			</td>\r\n			<td>\r\n			\r\n			</td>\r\n			<td>\r\n			\r\n			</td>\r\n		</tr><tr><td>\r\n			<p>Digital production</p>\r\n			</td>\r\n			<td>\r\n			\r\n			</td>\r\n			<td>\r\n			\r\n			</td>\r\n			<td>\r\n			\r\n			</td>\r\n			<td>\r\n			\r\n			</td>\r\n			<td>\r\n			\r\n			</td>\r\n			<td>\r\n			\r\n			</td>\r\n			<td>\r\n			\r\n			</td>\r\n			<td>\r\n			\r\n			</td>\r\n			<td>\r\n			\r\n			</td>\r\n			<td>\r\n			\r\n			</td>\r\n			<td>\r\n			\r\n			</td>\r\n			<td>\r\n			\r\n			</td>\r\n			<td>\r\n			\r\n			</td>\r\n		</tr><tr><td>\r\n			<p>Radio production</p>\r\n			</td>\r\n			<td>\r\n			\r\n			</td>\r\n			<td>\r\n			\r\n			</td>\r\n			<td>\r\n			\r\n			</td>\r\n			<td>\r\n			\r\n			</td>\r\n			<td>\r\n			\r\n			</td>\r\n			<td>\r\n			\r\n			</td>\r\n			<td>\r\n			\r\n			</td>\r\n			<td>\r\n			\r\n			</td>\r\n			<td>\r\n			\r\n			</td>\r\n			<td>\r\n			\r\n			</td>\r\n			<td>\r\n			\r\n			</td>\r\n			<td>\r\n			\r\n			</td>\r\n			<td>\r\n			\r\n			</td>\r\n		</tr><tr><td>\r\n			<p>Printing costs</p>\r\n			</td>\r\n			<td>\r\n			\r\n			</td>\r\n			<td>\r\n			\r\n			</td>\r\n			<td>\r\n			\r\n			</td>\r\n			<td>\r\n			\r\n			</td>\r\n			<td>\r\n			\r\n			</td>\r\n			<td>\r\n			\r\n			</td>\r\n			<td>\r\n			\r\n			</td>\r\n			<td>\r\n			\r\n			</td>\r\n			<td>\r\n			\r\n			</td>\r\n			<td>\r\n			\r\n			</td>\r\n			<td>\r\n			\r\n			</td>\r\n			<td>\r\n			\r\n			</td>\r\n			<td>\r\n			\r\n			</td>\r\n		</tr><tr><td>\r\n			<p>Research</p>\r\n			</td>\r\n			<td>\r\n			\r\n			</td>\r\n			<td>\r\n			\r\n			</td>\r\n			<td>\r\n			\r\n			</td>\r\n			<td>\r\n			\r\n			</td>\r\n			<td>\r\n			\r\n			</td>\r\n			<td>\r\n			\r\n			</td>\r\n			<td>\r\n			\r\n			</td>\r\n			<td>\r\n			\r\n			</td>\r\n			<td>\r\n			\r\n			</td>\r\n			<td>\r\n			\r\n			</td>\r\n			<td>\r\n			\r\n			</td>\r\n			<td>\r\n			\r\n			</td>\r\n			<td>\r\n			\r\n			</td>\r\n		</tr><tr><td>\r\n			<p>Management fees</p>\r\n			</td>\r\n			<td>\r\n			\r\n			</td>\r\n			<td>\r\n			\r\n			</td>\r\n			<td>\r\n			\r\n			</td>\r\n			<td>\r\n			\r\n			</td>\r\n			<td>\r\n			\r\n			</td>\r\n			<td>\r\n			\r\n			</td>\r\n			<td>\r\n			\r\n			</td>\r\n			<td>\r\n			\r\n			</td>\r\n			<td>\r\n			\r\n			</td>\r\n			<td>\r\n			\r\n			</td>\r\n			<td>\r\n			\r\n			</td>\r\n			<td>\r\n			\r\n			</td>\r\n			<td>\r\n			\r\n			</td>\r\n		</tr><tr><td>\r\n			<p>Agency fees</p>\r\n			</td>\r\n			<td>\r\n			\r\n			</td>\r\n			<td>\r\n			\r\n			</td>\r\n			<td>\r\n			\r\n			</td>\r\n			<td>\r\n			\r\n			</td>\r\n			<td>\r\n			\r\n			</td>\r\n			<td>\r\n			\r\n			</td>\r\n			<td>\r\n			\r\n			</td>\r\n			<td>\r\n			\r\n			</td>\r\n			<td>\r\n			\r\n			</td>\r\n			<td>\r\n			\r\n			</td>\r\n			<td>\r\n			\r\n			</td>\r\n			<td>\r\n			\r\n			</td>\r\n			<td>\r\n			\r\n			</td>\r\n		</tr><tr><td>\r\n			<p>Add more…</p>\r\n			</td>\r\n			<td>\r\n			\r\n			</td>\r\n			<td>\r\n			\r\n			</td>\r\n			<td>\r\n			\r\n			</td>\r\n			<td>\r\n			\r\n			</td>\r\n			<td>\r\n			\r\n			</td>\r\n			<td>\r\n			\r\n			</td>\r\n			<td>\r\n			\r\n			</td>\r\n			<td>\r\n			\r\n			</td>\r\n			<td>\r\n			\r\n			</td>\r\n			<td>\r\n			\r\n			</td>\r\n			<td>\r\n			\r\n			</td>\r\n			<td>\r\n			\r\n			</td>\r\n			<td>\r\n			\r\n			</td>\r\n		</tr><tr><td>\r\n			<p><strong>Totals</strong></p>\r\n			</td>\r\n			<td>\r\n			\r\n			</td>\r\n			<td>\r\n			\r\n			</td>\r\n			<td>\r\n			\r\n			</td>\r\n			<td>\r\n			\r\n			</td>\r\n			<td>\r\n			\r\n			</td>\r\n			<td>\r\n			\r\n			</td>\r\n			<td>\r\n			\r\n			</td>\r\n			<td>\r\n			\r\n			</td>\r\n			<td>\r\n			\r\n			</td>\r\n			<td>\r\n			\r\n			</td>\r\n			<td>\r\n			\r\n			</td>\r\n			<td>\r\n			\r\n			</td>\r\n			<td>\r\n			\r\n			</td>\r\n		</tr></tbody></table>', 67, '2015-12-10 05:10:13', '2015-12-10 05:10:13');

-- --------------------------------------------------------

--
-- Table structure for table `failed_jobs`
--

CREATE TABLE IF NOT EXISTS `failed_jobs` (
  `id` int(10) unsigned NOT NULL,
  `connection` text COLLATE utf8_unicode_ci NOT NULL,
  `queue` text COLLATE utf8_unicode_ci NOT NULL,
  `payload` longtext COLLATE utf8_unicode_ci NOT NULL,
  `failed_at` timestamp NOT NULL DEFAULT '0000-00-00 00:00:00'
) ENGINE=InnoDB DEFAULT CHARSET=utf8 COLLATE=utf8_unicode_ci;

-- --------------------------------------------------------

--
-- Table structure for table `jobs`
--

CREATE TABLE IF NOT EXISTS `jobs` (
  `id` bigint(20) unsigned NOT NULL,
  `queue` varchar(255) COLLATE utf8_unicode_ci NOT NULL,
  `payload` longtext COLLATE utf8_unicode_ci NOT NULL,
  `attempts` tinyint(3) unsigned NOT NULL,
  `reserved` tinyint(3) unsigned NOT NULL,
  `reserved_at` int(10) unsigned DEFAULT NULL,
  `available_at` int(10) unsigned NOT NULL,
  `created_at` int(10) unsigned NOT NULL
) ENGINE=InnoDB DEFAULT CHARSET=utf8 COLLATE=utf8_unicode_ci;

-- --------------------------------------------------------

--
-- Table structure for table `migrations`
--

CREATE TABLE IF NOT EXISTS `migrations` (
  `migration` varchar(255) COLLATE utf8_unicode_ci NOT NULL,
  `batch` int(11) NOT NULL
) ENGINE=InnoDB DEFAULT CHARSET=utf8 COLLATE=utf8_unicode_ci;

--
-- Dumping data for table `migrations`
--

INSERT INTO `migrations` (`migration`, `batch`) VALUES
('2014_10_12_000000_create_users_table', 1),
('2014_10_12_100000_create_password_resets_table', 1),
('2015_10_15_045303_create_business_plan_categories_table', 2),
('2015_10_15_054230_create_business_plan_contents_table', 3),
('2015_10_15_054849_CreateBusinessContentCategoriesTable', 4),
('2015_10_15_064134_AddStatusColumnToBusinessPlanContentTable', 4),
('2015_10_15_070308_AddUserIdToBusinessPlanContentsTable', 5),
('2015_10_15_071014_create_business_plan_tips_table', 6),
('2015_10_15_071140_AddTipIdToBusinessPlanCategoryTable', 7),
('2015_10_15_114545_AddCatIdToTipsTable', 8),
('2015_10_16_010434_create_business_plans_table', 9),
('2015_10_16_022752_AddCatIdToContentsTable', 9),
('2015_10_16_134046_AddNameToBusinessPlansTable', 9),
('2015_10_16_134234_AddBusinessPlanIdToContentTable', 9),
('2015_10_16_160141_create_business_plan_documents_table', 10),
('2015_10_17_135105_AddTypeColumnToBusinessCategoriesTable', 11),
('2015_10_17_144519_AddUserIdToFileUpload', 12),
('2015_10_17_154239_create_business_plan_default_contents_table', 13),
('2015_10_19_033916_AddDefaultContentIdToCategoryTable', 14),
('2015_10_19_040156_ChangeContentColumnOnDefaultContentTable', 15),
('2015_10_23_054503_create_packages_table', 16),
('2015_10_24_091052_create_user_addresses_table', 16),
('2015_10_24_092210_AddAddressColumnToUserTable', 17),
('2015_10_25_065824_create_package_user_pivot_table', 18),
('2015_10_25_081301_create_buckets_table', 19),
('2015_10_25_081701_create_bucket_user_pivot_table', 20),
('2015_10_26_123813_ChangePackagesDescriptionColumn', 21),
('2013_04_09_062329_create_revision_table', 22),
('2015_10_26_132115_create_appointments_table', 22),
('2015_10_30_043243_add_availability_to_appointments_table', 23),
('2015_10_30_135044_add_appointment_type_to_appointments', 24),
('2015_11_04_011121_create_marketing_plans_table', 25),
('2015_11_04_011704_AddPolyRelationToContentsTable', 25),
('2015_11_04_021504_RenameKeyTables', 25),
('2015_11_04_023611_ClearBPIDFromContentsTable', 25),
('2015_11_13_043957_AddFieldMailchimpListId', 26),
('2015_11_18_015701_create_jobs_table', 26),
('2015_11_18_033424_create_failed_jobs_table', 26),
('2015_11_18_094057_AddPlanTypeToCategoryTable', 26),
('2015_11_18_114438_create_pages_table', 27),
('2015_11_18_114439_create_page_closures_table', 27),
('2015_11_18_120022_add_slug_to_pages_table', 28),
('2015_11_18_144754_AddFilepathToMarketingPlansTable', 29),
('2015_11_19_010213_AddColumnUpgradedAtToUsersTable', 30),
('2015_11_19_051630_AddColumnMailchimpMemberHashToUsers', 30),
('2015_11_19_190313_AddFilePathToBPDocs', 30),
('2015_11_19_164912_CreateTableBriefingFormQuestions', 31),
('2015_11_19_182209_AddFieldBriefedToUsersTable', 31),
('2015_11_20_045655_CreateTableBriefingFormSubmission', 32),
('2015_11_20_045729_CreateTableBriefingQuestionAnswers', 32),
('2015_11_20_045759_CreateTableBriefingFormDocuments', 32),
('2015_11_23_015057_AddFileFieldsToBriefingFormDocumentsTable', 33),
('2014_02_10_145728_notification_categories', 34),
('2014_08_01_210813_create_notification_groups_table', 34),
('2014_08_01_211045_create_notification_category_notification_group_table', 34),
('2015_05_05_212549_create_notifications_table', 34),
('2015_06_06_211555_add_expire_time_column_to_notification_table', 34),
('2015_06_06_211555_change_type_to_extra_in_notifications_table', 34),
('2015_06_07_211555_alter_category_name_to_unique', 34),
('2015_11_23_061823_CreatePlansTable', 35),
('2015_11_23_062003_AddPlanTypeToPlansTable', 35),
('2015_11_23_071046_AddFilepathToPlansTable', 35),
('2015_11_24_033012_DropTableBusinessPlan', 35),
('2015_11_24_033034_DropTableMarketingPlan', 35),
('2015_11_24_034531_AddPlanIDToPlanContentsTable', 35),
('2015_11_24_053301_DropColumnsContentablesFromPlanContentsTable', 35),
('2015_12_03_232639_SuperAdminFlagToUserTable', 36),
('2015_12_06_182714_DashboardRouteNameForPackages', 37),
('2015_12_08_112300_ChangeDashesToUnderscores', 38),
('2015_12_08_225039_AddEmailedFlagToBriefingFormSubmission', 39),
('2015_12_09_110956_AddLogoFieldToUserProfile', 40),
('2015_12_09_101923_AddNotifynderCategories', 41),
('2015_12_09_102314_AddBucketsAndMailchimpList', 41),
('2015_12_09_133547_MakeUserABNNullableAndLogo', 41),
('2015_12_18_124113_AddPDFExportDateToPlanTable', 42);

-- --------------------------------------------------------

--
-- Table structure for table `notifications`
--

CREATE TABLE IF NOT EXISTS `notifications` (
  `id` int(10) unsigned NOT NULL,
  `from_id` bigint(20) unsigned NOT NULL,
  `from_type` varchar(255) COLLATE utf8_unicode_ci DEFAULT NULL,
  `to_id` bigint(20) unsigned NOT NULL,
  `to_type` varchar(255) COLLATE utf8_unicode_ci DEFAULT NULL,
  `category_id` int(10) unsigned NOT NULL,
  `url` varchar(255) COLLATE utf8_unicode_ci NOT NULL,
  `extra` varchar(255) COLLATE utf8_unicode_ci DEFAULT NULL,
  `read` tinyint(4) NOT NULL DEFAULT '0',
  `created_at` timestamp NOT NULL DEFAULT '0000-00-00 00:00:00',
  `updated_at` timestamp NOT NULL DEFAULT '0000-00-00 00:00:00',
  `expire_time` timestamp NULL DEFAULT NULL
) ENGINE=InnoDB AUTO_INCREMENT=3 DEFAULT CHARSET=utf8 COLLATE=utf8_unicode_ci;

--
-- Dumping data for table `notifications`
--

INSERT INTO `notifications` (`id`, `from_id`, `from_type`, `to_id`, `to_type`, `category_id`, `url`, `extra`, `read`, `created_at`, `updated_at`, `expire_time`) VALUES
(1, 1, NULL, 1, NULL, 4, 'Pdf generated', NULL, 0, '2015-12-18 02:40:28', '2015-12-18 02:40:28', NULL),
(2, 1, NULL, 1, NULL, 4, 'Pdf generated', NULL, 0, '2015-12-18 02:46:20', '2015-12-18 02:46:20', NULL);

-- --------------------------------------------------------

--
-- Table structure for table `notifications_categories_in_groups`
--

CREATE TABLE IF NOT EXISTS `notifications_categories_in_groups` (
  `id` int(10) unsigned NOT NULL,
  `category_id` int(10) unsigned NOT NULL,
  `group_id` int(10) unsigned NOT NULL
) ENGINE=InnoDB DEFAULT CHARSET=utf8 COLLATE=utf8_unicode_ci;

-- --------------------------------------------------------

--
-- Table structure for table `notification_categories`
--

CREATE TABLE IF NOT EXISTS `notification_categories` (
  `id` int(10) unsigned NOT NULL,
  `name` varchar(255) COLLATE utf8_unicode_ci NOT NULL,
  `text` varchar(255) COLLATE utf8_unicode_ci NOT NULL
) ENGINE=InnoDB AUTO_INCREMENT=9 DEFAULT CHARSET=utf8 COLLATE=utf8_unicode_ci;

--
-- Dumping data for table `notification_categories`
--

INSERT INTO `notification_categories` (`id`, `name`, `text`) VALUES
(4, 'user.pdf', 'Your PDF has been generated'),
(5, 'user.brief', 'Briefing Session booked'),
(6, 'user.review', 'Review Session booked'),
(7, 'user.created', 'Signed up new user'),
(8, 'user.upgrade', 'User has upgraded to a new package');

-- --------------------------------------------------------

--
-- Table structure for table `notification_groups`
--

CREATE TABLE IF NOT EXISTS `notification_groups` (
  `id` int(10) unsigned NOT NULL,
  `name` varchar(50) COLLATE utf8_unicode_ci NOT NULL
) ENGINE=InnoDB DEFAULT CHARSET=utf8 COLLATE=utf8_unicode_ci;

-- --------------------------------------------------------

--
-- Table structure for table `packages`
--

CREATE TABLE IF NOT EXISTS `packages` (
  `id` int(10) unsigned NOT NULL,
  `name` varchar(255) COLLATE utf8_unicode_ci NOT NULL,
  `price` decimal(10,2) NOT NULL,
  `description` text COLLATE utf8_unicode_ci NOT NULL,
  `created_at` timestamp NOT NULL DEFAULT '0000-00-00 00:00:00',
  `updated_at` timestamp NOT NULL DEFAULT '0000-00-00 00:00:00',
  `dashboard_url` varchar(255) COLLATE utf8_unicode_ci NOT NULL
) ENGINE=InnoDB AUTO_INCREMENT=5 DEFAULT CHARSET=utf8 COLLATE=utf8_unicode_ci;

--
-- Dumping data for table `packages`
--

INSERT INTO `packages` (`id`, `name`, `price`, `description`, `created_at`, `updated_at`, `dashboard_url`) VALUES
(1, 'Make It Happen!', 49.00, '<ul class="feature-list">\r\n      <li>Unlimited Private Pens</li>\r\n      <li>Live View</li>\r\n      <li>Asset Hosting <span class="feature-amount">1 GB</span></li>\r\n      <li>Collab Mode <span class="feature-amount">2 people</span></li>\r\n      <li>Professor Mode <span class="feature-amount">10 students</span></li>\r\n      <li><span class="feature-amount">100</span> Send-to-Phone Messages</li>\r\n      <li>Unlimited Embed Themes w/ Custom CSS</li>\r\n      <li>Custom CSS on your Profile, Blog, and Blog posts</li>\r\n    </ul>', '0000-00-00 00:00:00', '0000-00-00 00:00:00', 'business-plan-dash'),
(2, 'Plan It, Market It, Now Sell It!', 2500.00, '<ul class="feature-list">\r\n      <li>Unlimited Private Pens</li>\r\n      <li>Live View</li>\r\n      <li>Asset Hosting <span class="feature-amount">1 GB</span></li>\r\n      <li>Collab Mode <span class="feature-amount">2 people</span></li>\r\n      <li>Professor Mode <span class="feature-amount">10 students</span></li>\r\n      <li><span class="feature-amount">100</span> Send-to-Phone Messages</li>\r\n      <li>Unlimited Embed Themes w/ Custom CSS</li>\r\n      <li>Custom CSS on your Profile, Blog, and Blog posts</li>\r\n    </ul>', '0000-00-00 00:00:00', '0000-00-00 00:00:00', 'marketing-plan-dash'),
(3, 'Just Tell It', 750.00, '<ul class="feature-list">\n      <li>Unlimited Private Pens</li>\n      <li>Live View</li>\n      <li>Asset Hosting <span class="feature-amount">1 GB</span></li>\n      <li>Collab Mode <span class="feature-amount">2 people</span></li>\n      <li>Professor Mode <span class="feature-amount">10 students</span></li>\n      <li><span class="feature-amount">100</span> Send-to-Phone Messages</li>\n      <li>Unlimited Embed Themes w/ Custom CSS</li>\n      <li>Custom CSS on your Profile, Blog, and Blog posts</li>\n    </ul>', '0000-00-00 00:00:00', '0000-00-00 00:00:00', 'marketing-channel-dashboard'),
(4, 'Brand It', 100.00, '', '2015-12-03 10:11:01', '2015-12-03 10:11:01', 'brand-it');

-- --------------------------------------------------------

--
-- Table structure for table `package_user`
--

CREATE TABLE IF NOT EXISTS `package_user` (
  `package_id` int(10) unsigned NOT NULL,
  `user_id` int(10) unsigned NOT NULL
) ENGINE=InnoDB DEFAULT CHARSET=utf8 COLLATE=utf8_unicode_ci;

--
-- Dumping data for table `package_user`
--

INSERT INTO `package_user` (`package_id`, `user_id`) VALUES
(1, 1),
(2, 1),
(3, 1),
(4, 1);

-- --------------------------------------------------------

--
-- Table structure for table `pages`
--

CREATE TABLE IF NOT EXISTS `pages` (
  `id` int(10) unsigned NOT NULL,
  `parent_id` int(10) unsigned DEFAULT NULL,
  `position` int(10) unsigned NOT NULL,
  `real_depth` int(10) unsigned NOT NULL,
  `title` varchar(255) COLLATE utf8_unicode_ci NOT NULL,
  `content` text COLLATE utf8_unicode_ci NOT NULL,
  `package_id` int(11) NOT NULL,
  `deleted_at` timestamp NULL DEFAULT NULL,
  `slug` varchar(255) COLLATE utf8_unicode_ci DEFAULT NULL
) ENGINE=InnoDB AUTO_INCREMENT=78 DEFAULT CHARSET=utf8 COLLATE=utf8_unicode_ci;

--
-- Dumping data for table `pages`
--

INSERT INTO `pages` (`id`, `parent_id`, `position`, `real_depth`, `title`, `content`, `package_id`, `deleted_at`, `slug`) VALUES
(1, NULL, 0, 0, 'TV', 'Some page content!', 3, NULL, 'tv'),
(8, NULL, 2, 0, 'Radio', 'Content for Radio Page', 3, NULL, 'radio'),
(9, 8, 0, 1, 'What is Radio?', '<p>Radio was invented in 1895 by Marconi&hellip; ha, only joking. Don&rsquo;t worry, we won&rsquo;t bore you with this unnecessary info. At the end of the day, who cares!?</p>\r\n\r\n<p>What we <em>do</em> care about is making sure we arm you with enough information about radio so you can determine if it should form part of your marketing. So lets put the headphones on, open the mic and chat about what radio has to offer&hellip;</p>\r\n\r\n<p>Radio is one of the world&rsquo;s most widespread mass mediums because it&rsquo;s:</p>\r\n\r\n<ul>\r\n	<li>\r\n	<p>Affordable</p>\r\n	</li>\r\n	<li>\r\n	<p>Portable</p>\r\n	</li>\r\n	<li>\r\n	<p>Immediate</p>\r\n	</li>\r\n	<li>\r\n	<p>Live and local (relevant to the broadcast market and targeted at specific audiences)</p>\r\n	</li>\r\n	<li>\r\n	<p>Personal</p>\r\n	</li>\r\n	<li>\r\n	<p>Airs music, news, information, entertainment, services and perhaps most importantly, audience interaction</p>\r\n	</li>\r\n</ul>\r\n\r\n<p>Globally, radio comprises of commercial (music stations and talk stations) and community networks. Its authenticity and ability to create &lsquo;theatre of the mind&rsquo; helps listeners generate ideas and prompts call to action for your business.</p>\r\n\r\n<p>Lets take a look at why radio may be an important element in your marketing.</p>\r\n', 3, NULL, 'what-is-radio'),
(10, 8, 1, 1, 'Why is radio important?', '<p>Radio continues to play a large part in the daily listening activities of most people.</p>\r\n\r\n<p>They either listen Live On Air, stream it via their computers/phones, through digital radios, in cars or via podcasts (pre-recorded segments of their favourite stations and DJs/Announcers listened to at a time that suits them).</p>\r\n\r\n<p>Radio continues to be a strong and effective advertising channel. Here&rsquo;s why:</p>\r\n\r\n<ul>\r\n	<li>\r\n	<p>It can be accessed anywhere, anytime and by anybody</p>\r\n	</li>\r\n	<li>\r\n	<p>It&rsquo;s engaging, highly social and has a powerful connection to its audience, which results in word of mouth and friend recommendations (don&#39;t discount the power On Air personalities who loyal listeners consider &#39;friends&rsquo;)</p>\r\n	</li>\r\n	<li>\r\n	<p>It&rsquo;s live and local, reflecting the community of its listeners</p>\r\n	</li>\r\n	<li>\r\n	<p>It&rsquo;s perfect for building brand awareness to stimulate activity via a direct call to action (e.g. buy, subscribe, attend, call, share)</p>\r\n	</li>\r\n</ul>\r\n\r\n<p>The benefits are:</p>\r\n\r\n<ul>\r\n	<li>\r\n	<p>Cost effective (to buy and produce)</p>\r\n	</li>\r\n	<li>\r\n	<p>Has high reach (reaches a lot of listeners at one time and you have the ability to time messages to reach your right market)</p>\r\n	</li>\r\n	<li>\r\n	<p>Has high frequency (can reach listeners several times over a period of time)</p>\r\n	</li>\r\n</ul>\r\n\r\n<p><em><strong>Hot Tip</strong></em>: It can take a listener up to five times to recognise a business and what they&rsquo;re trying to sell in their radio campaign, so keep this in mind when you start to build your campaign.</p>\r\n', 3, NULL, 'why-is-radio-important'),
(11, 8, 2, 1, 'Types of Radio', '<p>Radio comprises of &lsquo;commercial&rsquo; and &lsquo;community&rsquo; networks. Each radio station targets a different audience, with different formats appealing to different age groups and interests.</p>\r\n\r\n<p>Your business and target market will dictate the station you choose. So lets take a look at the most popular radio station formats and the markets they traditionally target.</p>\r\n\r\n<h2><strong>Music Stations</strong></h2>\r\n\r\n<p>Music stations main content is, you guessed it, music!</p>\r\n\r\n<p>DJs/Announcers help bring the content together, integrating: competitions, news, traffic, weather and gossip around music playlists.</p>\r\n\r\n<p>Examples of radio stations&rsquo; music format and their target markets include:</p>\r\n\r\n<ul>\r\n	<li>\r\n	<p>Current/Top 40 Music targeted at 18-39 (skewed towards females)</p>\r\n	</li>\r\n	<li>\r\n	<p>Rock Music targeted at 25-54 (skewed towards males)</p>\r\n	</li>\r\n	<li>\r\n	<p>Variety Music (oldies/easy listening) targeted at 40+ (males and females)</p>\r\n	</li>\r\n	<li>\r\n	<p>Urban/Hip-Hop/R&amp;B targeted at 18-39 (skewed towards males)</p>\r\n	</li>\r\n	<li>\r\n	<p>Dance Music targeted at those aged 13-24 (skewed towards males &amp; females)</p>\r\n	</li>\r\n</ul>\r\n\r\n<h2><strong>Talk Stations</strong></h2>\r\n\r\n<p>Talk radio&rsquo;s content is all about discussion around current events and issues. The format features live interviews with guests as well as live listener interaction. The format plays less music and is more &lsquo;hard hitting&rsquo; on important news events, sometimes even controversial &ndash; you may have moments of &lsquo;did they really just say that?!&rsquo;</p>\r\n\r\n<p>Talk stations are traditionally targeted to an audience of influencers because they have far more influence over business, community, politics, education, health, the arts and entertainment.</p>\r\n\r\n<p>These stations traditionally target the older end of the market: 35-64, males and females.</p>\r\n\r\n<h2><strong>Community Stations </strong></h2>\r\n\r\n<p>Community stations serve geographic communities and communities of interest, broadcasting content that&rsquo;s popular and relevant to a local and specific audience. Community radio stations are owned, operated and influenced by the communities they live in. They&rsquo;re generally not-for-profit and enable individuals, groups, and communities to tell their own stories.</p>\r\n\r\n<p>The main targets are niche communities (based on culture and religion) or targeted at families, e.g. Christian radio stations.</p>\r\n\r\n<p><em><strong>Hot Tip: </strong></em>all formats allow you to market your business, so make sure you do your research to understand what format and audience will work for you.&nbsp;</p>\r\n', 3, NULL, 'types-of-radio'),
(12, 8, 3, 1, 'Radio Time Periods', '<p>Your local radio station is broken into what they call &lsquo;day parts&rsquo; or &lsquo;timeslots&rsquo;. This is how a radio station breaks up their content, music and commercial airtime. The traditional day parts/timeslots include:</p>\r\n\r\n<ul>\r\n	<li>\r\n	<p>Breakfast: 5am-9am, Mon-Fri</p>\r\n	</li>\r\n	<li>\r\n	<p>Mornings: 9am-12noon, Mon-Fri</p>\r\n	</li>\r\n	<li>\r\n	<p>Afternoons: 12noon:4pm, Mon-Fri</p>\r\n	</li>\r\n	<li>\r\n	<p>Drive: 4pm-7pm, Mon-Fri</p>\r\n	</li>\r\n	<li>\r\n	<p>Nights: 7pm-12pm, Mon-Fri</p>\r\n	</li>\r\n	<li>\r\n	<p>Midnight to Dawns: 12pm-5am, Mon-Fri</p>\r\n	</li>\r\n	<li>\r\n	<p>Weekends: 9am-5pm, Sat-Sun</p>\r\n	</li>\r\n</ul>\r\n\r\n<p>Your most listened to &lsquo;day parts&rsquo; are while you&rsquo;re downing your first morning coffee (Breakfast) or sitting in traffic on your drive home from work (Drive). You&rsquo;ll now notice the advertisers in these timeslots and understand why they&rsquo;re there.</p>\r\n\r\n<p>During these times you&rsquo;ll also notice your favourite announcers, along with your favourite songs. Coincidence? Absolutely not! It&rsquo;s all an evil plan to keep you tuning in and listening for longer! Important client and radio station giveaways also appear during these popular timeslots. And you guessed it, they&rsquo;re the most expensive to advertise in because your message will be reaching the greatest amount of people at the same time&mdash;so cha-ching!</p>\r\n\r\n<div style="background:#eee;border:1px solid #ccc;padding:5px 10px;"><em><strong>Hot Tip: </strong></em>just because Breakfast and Drive have the most amount of people listening, doesn&rsquo;t necessarily mean they&rsquo;re the perfect slots for <em>you</em>. If your budget is tight and your target market is for example &lsquo;mums,&rsquo; you could place your commercials in the cheaper timeslot of afternoons, targeting the school pick up 2pm-4pm, or if you&rsquo;re targeting shift workers/truck drivers 12pm-5am (Midnight to Dawns) might be perfect, and generally dirt cheap! Go where your target market is!</div>\r\n', 3, NULL, 'radio-time-periods'),
(13, 8, 4, 1, 'Advertising on Radio', '<p>Before you start to build your radio campaign, it&rsquo;s time to arm you with the info you need to create the ultimate campaign to drive your business.</p>\r\n\r\n<p>&nbsp;</p>\r\n\r\n<p>Here are some questions to ask yourself before you get started:</p>\r\n\r\n<ul>\r\n	<li>\r\n	<p>What is the objective of your campaign (drive sales, increase brand awareness, drive enquiries to a website)?</p>\r\n	</li>\r\n	<li>\r\n	<p>Where can people get what you&rsquo;re promoting, i.e. in-store/website?</p>\r\n	</li>\r\n	<li>\r\n	<p>What is your business&rsquo; point of difference? Always highlight what makes you stand out and how you&rsquo;re different to your competitors.</p>\r\n	</li>\r\n</ul>\r\n\r\n<p>&nbsp;</p>\r\n\r\n<p>When building your radio campaign, make sure to:</p>\r\n\r\n<ul>\r\n	<li>\r\n	<p>Include your key message such as your business&rsquo; brand position, e.g. Nike&rsquo;s &lsquo;Just Do It&rsquo;</p>\r\n	</li>\r\n	<li>\r\n	<p>Have clean simple messaging, and remember the famous acronym: KISS (Keep It Simple Stupid)</p>\r\n	</li>\r\n	<li>\r\n	<p>Ensure one call to action that lets listeners know exactly what action you expect from them (buy, call, register etc.)</p>\r\n	</li>\r\n	<li>\r\n	<p>Highlight no more than two or three points in one commercial</p>\r\n	</li>\r\n	<li>\r\n	<p>Keep the product or service at the forefront throughout, and repeat key information such as your company name and product or service</p>\r\n	</li>\r\n	<li>\r\n	<p>Don&rsquo;t include phone numbers unless it&rsquo;s the main focus of the commercial, and you have the opportunity to highlight it</p>\r\n	</li>\r\n	<li>\r\n	<p>Avoid clutter and keep it clean, including music/sound effects/words, and make sure you include proper pauses</p>\r\n	</li>\r\n	<li>\r\n	<p>Make sure to use informal language and write the way you talk (speak as if your talking directly to your customers)</p>\r\n	</li>\r\n	<li>\r\n	<p>Jingles/signature tunes may work for your business&mdash;let your creative writer guide you on what will and won&rsquo;t work</p>\r\n	</li>\r\n</ul>\r\n\r\n<p>Now you&rsquo;ve thought about what you want to say, we&rsquo;re about to tell you about the bits and pieces a radio station&rsquo;s account manager will try to sell you. Our aim here is to arm you with some info on each element so you know how to use them.</p>\r\n\r\n<p>The radio station will normally write and produce your radio material for you. Your account manager will work with their assigned copywriter to write your radio scripts. The better the relationship between you and your account manager, the better the brief, resulting in the most successful radio scripts for YOU.</p>\r\n\r\n<p>Remember they&rsquo;re your scripts; so once a copywriter provides them to you, make sure you <em>love them</em>. You need to tell your story in the best way possible so once they head into production and your final piece of audio brilliance is created, you see results.</p>\r\n\r\n<div style="background:#eee; border:1px solid #ccc; padding:5px 10px"><em><strong>Hot Tip: </strong></em>your scriptwriting and production should be included in your commercial plan from your account manager. Try and get them to throw in these elements for FREE. If you can&rsquo;t, make sure you get your best possible price (I&rsquo;d pay no more than $200-$500). Make sure you clarify these fees before you sign a contract. You don&rsquo;t want any unwanted surprises!</div>\r\n', 3, NULL, 'advertising-on-radio'),
(14, 8, 5, 1, 'Your Radio Elements', '<p><strong>Commercials </strong>are the most common form of advertising on a radio station. They&rsquo;re pre-recorded and sold as 15, 30, 45 or 60 second pieces of content that are 100% dedicated to selling your business to listeners. They include words, music beds and sound effects, aired during all timeslots, from Breakfast to Midnight-Dawns.</p>\r\n\r\n<div style="background:#eee;border:1px solid #ccc;padding:5px 10px;"><em><strong>Hot Tip: </strong></em>radio commercial breaks are around five minutes long, so you can have several clients in one break, i.e. 10 clients at 30 seconds per commercial per break.</div>\r\n\r\n<p><strong>Live reads </strong>are read by a DJ/Announcer. They range from 30-60 seconds in length and are scripted by your copywriter. The DJ/Announcer will put their own &lsquo;Flava&rsquo; into the read to try and drive sales, but they are &lsquo;live&rsquo; in a radio show. Most popular times are Breakfast, Mornings and Afternoons.</p>\r\n\r\n<div style="background:#eee;border:1px solid #ccc;padding:5px 10px;"><em><strong>Hot Tip: </strong></em>live reads are perfect for long messaging and to give your business a personal touch. They&rsquo;re normally more expensive than commercials, so make sure they&rsquo;re what you need.</div>\r\n\r\n<p><strong>News &amp; Weather or Traffic Sponsorships </strong>are very, very short but offer great reach and frequency. They air from Breakfast to Drive slots and are normally ten seconds long (pre-recorded or live) and should be around 15 words in length. They air several times an hour throughout prime periods and during the day.</p>\r\n\r\n<p><strong>Outside Broadcasts </strong>(OB) consist of live coverage of an event/client and take place outside the studio. Usually a whole radio show is broadcast from a venue, with a major onsite set-up. This set-up encourages people to come in and see the radio station at the client&rsquo;s location.</p>\r\n\r\n<p>Radio stations usually run OBs for their own station promotions, however, you can buy them for your business. They are most popular for store openings, major sales or big entertainment events, e.g. concerts</p>\r\n\r\n<p><em><strong>Hot Tip: </strong></em>OBs aren&rsquo;t cheap and usually require a commercial spend to happen! Unless you have min $10,000-$20,000 we wouldn&rsquo;t recommend you even consider them.</p>\r\n\r\n<p><strong>Live Crosses </strong>are usually 30-60 seconds long and recorded &lsquo;live&rsquo; out of a studio from an event or client location. These crosses are recorded by a member of the promotions or On Air team and include giveaways, encouraging listeners to come down to the location to see them and the event/client.</p>\r\n\r\n<div style="background:#eee;border:1px solid #ccc;padding:5px 10px;"><em><strong>Hot Tip: </strong></em>This is a cheaper way to get the radio station to your store and drive some onsite traffic. We&rsquo;d recommend considering this first over an OB.</div>\r\n\r\n<p><strong>Show/Segment Sponsorships </strong>align clients as &lsquo;sponsors&rsquo; of their programs. These clients/sponsors are offered live and pre-recorded messaging in the show. These messages range from 5-15 seconds and are played throughout the show. For example, if you&rsquo;re the sponsor of your local radio station breakfast program, you will hear your messages between 6am-9am.</p>\r\n\r\n<p>You may even want to sponsor a segment, e.g., maybe you&rsquo;re a local surf shop, so you might want to sponsor the local radio station&rsquo;s surf report. It fits your business and allows you to talk to your customers in the relevant On Air environment.</p>\r\n\r\n<div style="background:#eee;border:1px solid #ccc;padding:5px 10px;"><em><strong>Hot Tip: </strong></em>we love this type of commercial messaging. It&rsquo;s short, sharp, 100% targeted, has frequency and uses the talent of the radio station to drive your brand message. In our opinion, this is the best way to stand out and sell your message! Don&rsquo;t forget to ask your account manager about what you can sponsor. It might be exactly what you&rsquo;re after.</div>\r\n\r\n<p><strong>Sales Promotions and </strong><strong>Contests/Giveaways </strong>are great ways to get customers to sample your product and generate word of mouth promotion. If your product/service is desirable to listeners of your target radio station, ask your account manager about whether the station will be interested in giving away your products/services to listeners.</p>\r\n\r\n<p>Sales promotions and contests can be giveaways in just one or several radio shows and/or on the radio station&rsquo;s website. You might want to give away (for FREE) tickets to a concert you&rsquo;re holding at a venue, vouchers for a massage/pamper session or a free mechanical service, as long as the value is great for the radio station (this will differ depending on the radio station). Everyone loves a freebie! They appeal to the listeners and there&rsquo;s a good chance your account manager will be open to the conversation and include it in the campaign.</p>\r\n\r\n<div style="background:#eee;border:1px solid #ccc;padding:5px 10px;"><em><strong>Hot Tip</strong></em>: if you bundle the giveaways with a commercial spend you can often get these for FREE across your radio station. Also offer some vouchers to the DJs/Announcers on the radio station&mdash;nice little feel-good gestures are always a great way to show your business in a good light, and you never know; the announcer may love it so much they spruik it on air for free!</div>\r\n', 3, NULL, 'your-radio-elements'),
(15, 8, 6, 1, 'Example of a Radio Schedule', '<p>Here&rsquo;s an example of a radio schedule you might see from an account manager.</p>\r\n\r\n<p>It will detail what they&rsquo;ve proposed to drive your business forward and will be broken into timeframe, airtime elements and cost for each element. We thought this might give you a heads up, if radio is for you!</p>\r\n\r\n<p><a name="_GoBack"></a> MICHAEL: PLEASE INSERT RADIO SCHEDULE EXAMPLE AS AN IMAGE (Provided as separate doco)</p>\r\n', 3, NULL, 'example-of-a-radio-schedule'),
(16, 8, 7, 1, 'A Few Last Points', '<p>Here are a few handy questions to ask your account manager before you get started:</p>\r\n\r\n<h2><strong>Survey Results</strong></h2>\r\n\r\n<p>Ask to see them&mdash;the latest raw results&mdash;not the spin version</p>\r\n\r\n<h2><strong>Listener Numbers</strong></h2>\r\n\r\n<p>Ask to see the listener numbers relevant to your target market. The station you choose needs to be right for your business. There&rsquo;s no point buying commercials on a radio station that talks to over 60s when your product/service is targeted at 18 year-olds!</p>\r\n\r\n<h2><strong>Special Offers</strong></h2>\r\n\r\n<p>Ask for their current special offer. They always have one! You just need to ask. <em><strong>Hot Tip</strong></em>: contact your account manager towards the end of the month. They&rsquo;re more likely to do a deal!</p>\r\n\r\n<h2><strong>Detail your Objectives</strong></h2>\r\n\r\n<p>Make sure you clearly detail your objectives in your meeting&mdash;what you want the advertising to do for your business. Set clear KPIs around the activity, so you and your account manager know what success looks like, and you can keep the radio station accountable.</p>\r\n\r\n<h2><strong>Tweak the Plan until you</strong><strong>&rsquo;</strong><strong>re Happy </strong></h2>\r\n\r\n<p>If you don&rsquo;t feel 100% comfortable with the plan, tell them and tweak it until you are. If you go in with doubt, you won&rsquo;t feel like your advertising dollar is going to go far enough for you</p>\r\n\r\n<h2><strong>PROS of Radio Advertising</strong></h2>\r\n\r\n<ul>\r\n	<li>\r\n	<p>Cost effective</p>\r\n	</li>\r\n	<li>\r\n	<p>Local and live</p>\r\n	</li>\r\n	<li>\r\n	<p>Mass media that can target niches through stations and time zones</p>\r\n	</li>\r\n	<li>\r\n	<p>Immediate&mdash;you can be on the radio pretty quickly</p>\r\n	</li>\r\n	<li>\r\n	<p>Works really well with digital advertising (integrated campaigns)</p>\r\n	</li>\r\n	<li>\r\n	<p>Provides information/news/gossip in &frac12;-1 hour blocks, so you can get the headlines quickly</p>\r\n	</li>\r\n	<li>\r\n	<p>Ability to time/place messages to reach the right audience</p>\r\n	</li>\r\n	<li>\r\n	<p>Access anywhere, anytime by anybody</p>\r\n	</li>\r\n	<li>\r\n	<p>High reach and frequency, meaning you can have in impact in a short period of time</p>\r\n	</li>\r\n	<li>\r\n	<p>Announcers can talk about your business live on the radio. This gives you an element of personal endorsement</p>\r\n	</li>\r\n	<li>\r\n	<p>Great for brand awareness</p>\r\n	</li>\r\n</ul>\r\n\r\n<h2><strong>CONS of Radio Advertising</strong></h2>\r\n\r\n<ul>\r\n	<li>\r\n	<p>Streaming services/downloads provide competition</p>\r\n	</li>\r\n	<li>\r\n	<p>Clutter&mdash;lots of different businesses placed in the same commercial break</p>\r\n	</li>\r\n	<li>\r\n	<p>Some commercials can sound the same</p>\r\n	</li>\r\n	<li>\r\n	<p>Can be quite ridged (need to fit into the radio station formats)</p>\r\n	</li>\r\n	<li>\r\n	<p>Hard to judge success of the campaign&mdash;unlike digital, there are no clear measurements of outcomes</p>\r\n	</li>\r\n	<li>\r\n	<p>People are usually doing something else while they&rsquo;re listening to the radio</p>\r\n	</li>\r\n	<li>\r\n	<p>Live messages are subject to human error and create flexibility</p>\r\n	</li>\r\n</ul>\r\n', 3, NULL, 'a-few-last-points'),
(21, NULL, 3, 0, 'Digital', '<p>Test</p>\r\n', 3, NULL, 'digital'),
(22, NULL, 4, 0, 'Print', '', 3, NULL, 'print'),
(23, NULL, 5, 0, 'Outdoor', '', 3, NULL, 'outdoor'),
(24, NULL, 6, 0, 'Social', '', 3, NULL, 'social'),
(25, 1, 0, 1, 'What is TV?', '<p>It has pictures, sound, was born in the 1920s and&mdash;lets be honest&mdash;hasn&rsquo;t changed much since then. However, TV to this day&nbsp;remains an essential communications tool, capturing the attention of target audiences like no other medium, and on a mass scale.</p>\r\n\r\n<p>Lets pour a cup of tea, grab the best position on the couch, reach for the remote and start flicking through what TV has to offer your business.</p>\r\n\r\n<p>Despite new media options, TV is still the world&rsquo;s most watched mass medium and here&rsquo;s why:</p>\r\n\r\n<ul>\r\n	<li>\r\n	<p>TV reflects what&rsquo;s happening in people&rsquo;s day to day lives</p>\r\n	</li>\r\n	<li>\r\n	<p>It&rsquo;s one of the most talked about mediums in the world (word-of-mouth and social media)</p>\r\n	</li>\r\n	<li>\r\n	<p>The combination of vision and sound creates the greatest impact, recall and brand fame</p>\r\n	</li>\r\n	<li>\r\n	<p>It has huge scale, reaching the masses instantly and simultaneously</p>\r\n	</li>\r\n	<li>\r\n	<p>Different programs and networks target different audiences, allowing you to place your messages in the right environment</p>\r\n	</li>\r\n	<li>\r\n	<p>It&rsquo;s the most effective in driving the biggest profit for businesses</p>\r\n	</li>\r\n</ul>\r\n\r\n<p>So let&rsquo;s take a look at why TV may be important for your marketing.</p>\r\n', 3, NULL, 'what-is-tv'),
(26, 1, 1, 1, 'Why is TV Important?', '<p>As the most consumed medium across the globe, TV continues to be a strong and effective platform for businesses to market themselves. It builds momentum, creates emotion and encourages brand search and purchase.</p>\r\n\r\n<p>Here&rsquo;s why:</p>\r\n\r\n<ul>\r\n	<li>\r\n	<p>It&rsquo;s an integral part of&nbsp;our culture and society (people love talking about what happens on TV and it emotionally connects us)</p>\r\n	</li>\r\n	<li>\r\n	<p>It&rsquo;s a great way to kick-start a campaign and build momentum, drive a call to action, or introduce a new product</p>\r\n	</li>\r\n	<li>\r\n	<p>The combination of pictures and sound brings a business&rsquo; brand to life</p>\r\n	</li>\r\n</ul>\r\n\r\n<p>The benefits are:</p>\r\n\r\n<ul>\r\n	<li>\r\n	<p>It has the greatest scale and reach</p>\r\n	</li>\r\n	<li>\r\n	<p>It provides up-to-date audience numbers (literally overnight) so you&rsquo;ll know how many people watched the program you bought into</p>\r\n	</li>\r\n	<li>\r\n	<p>It makes people respond (the combination of pictures and sound drives action)</p>\r\n	</li>\r\n	<li>\r\n	<p>People use second screens while watching TV (mobiles, laptops and tablets) so it closes the gap between viewer reactions through social media and search for products, shortening the path to purchase</p>\r\n	</li>\r\n	<li>\r\n	<p>It builds brand fame for your business (e.g. &lsquo;I saw your TV commercial the other day&rsquo;)</p>\r\n	</li>\r\n	<li>\r\n	<p>It&rsquo;s the catalyst for other media because an idea created for TV can be re-worked for other mediums (e.g. social media and billboards)</p>\r\n	</li>\r\n</ul>\r\n\r\n<p>Now we know a bit more about what&rsquo;s on the box, lets find out if TV is right for your business.</p>\r\n', 3, NULL, 'why-is-tv-important'),
(27, 1, 2, 1, 'Types of TV Network Audiences', '<p>In most markets, TV is comprised of:</p>\r\n\r\n<ul>\r\n	<li>\r\n	<p>Free-to-Air and Satellite</p>\r\n	</li>\r\n	<li>\r\n	<p>Pay TV (or &lsquo;cable&rsquo;)</p>\r\n	</li>\r\n	<li>\r\n	<p>Catch-Up TV</p>\r\n	</li>\r\n	<li>\r\n	<p>Streaming Services like Netflix and Apple TV</p>\r\n	</li>\r\n</ul>\r\n\r\n<p>As a whole, TV is the most mainstream of all media, targeting a vast section of the population, but each TV network targets a different audience, with different formats appealing to different age groups and interests.</p>\r\n\r\n<p>When it comes to telling people about your business on TV, you can buy commercials on free-to-air/satellite or cable/pay TV. They have the largest audiences and drive the greatest result for your business both on a local and national level.</p>\r\n\r\n<p>Your business and target market will dictate the specific network you choose. So let&rsquo;s take a look at the different TV networks and formats, the advertising opportunities, and the markets they traditionally target.</p>\r\n\r\n<h2><strong>Free-to-Air and Satellite</strong></h2>\r\n\r\n<p>You guessed it; free-to-air/satellite TV provides content for <strong>FREE</strong> to its viewers. You literally only require a TV to watch it. Free-to-air channels in Australia include the 7, 9 and 10 Networks, the ABC, SBS and their respective digital channels (examples include One, Eleven, Gem, Go, 7Mate, 7Two and ABC Kids).</p>\r\n\r\n<p>Free-to-air/satellite is the most popular and widely recognised platform with most networks traditionally targeting audiences aged 25-54. Designed to reach the greatest amount of people at one time, programming will be of general appeal to the masses, not too controversial, and top rating. Essentially, every marketer&rsquo;s dream!</p>\r\n\r\n<h2><strong>Pay TV Networks. </strong></h2>\r\n\r\n<p>You got it; it&rsquo;s the opposite to free-to-air. People have to pay to access these networks and the programs they broadcast (e.g. Foxtel in Australia)</p>\r\n\r\n<p>Traditionally these networks operate on a subscription basis, offering more specialised programs and channels. Unlike free-to-air networks, which are concerned with ratings in specific times (e.g. peak times 6:00pm &ndash; 10:30pm), these networks air programs that make people subscribe to and target a more niche market with their content.</p>\r\n\r\n<p>Cable/Pay TV networks are traditionally cheaper to purchase due to the very niche nature of the programs and you can buy commercials in packages across likeminded channels, e.g., sports channels (of which there may be several). That way you&rsquo;re buying commercials based on your target market&rsquo;s interests rather than the larger but more generic audience free-to-air offers.</p>\r\n\r\n<h2><strong>Catch-Up TV</strong></h2>\r\n\r\n<p>With catch-up TV services and mobile TV, viewers never need to miss an episode of their favourite program. Online, viewers can get access to exclusive content, behind-the-scenes footage and chat in live forums with other fans.</p>\r\n\r\n<p>Catch-up TV services provide advertising opportunities before each episode begins. Generally one or multiple ads are shown before each program, are 15-second spots, and are usually set-aside for clients that spend nationally (across every state and territory).</p>\r\n\r\n<h2><strong>Streaming/Internet TV Services</strong></h2>\r\n\r\n<p>This type of media is growing and growing. It&rsquo;s a great service for programs, but you can&rsquo;t advertise on or near it. Well, not yet anyway.</p>\r\n\r\n<p>This service allows audiences to stream live from the internet, programs to watch when they want. It too is based on a subscription model, however it&rsquo;s completely commercial free. Netflix and Stan are examples of these services and I&rsquo;m sure you&rsquo;ve heard many a friend talk about staying in and watching full seasons of their favourite shows, back to back, without any commercials on a Saturday night (wine and chocolate in hand!)</p>\r\n\r\n<div style="background:#eee;border:1px solid #ccc;padding:5px 10px;"><em><strong>Hot Tip:</strong></em> Keep up-to-date with possible changes here though. It may not be long before you start to see some before and after video advertising sneaking into these services for third party advertisers including YOU!</div>\r\n', 3, NULL, 'types-of-tv-network-audiences'),
(28, 1, 3, 1, 'Television Time Periods', '<p>Your TV channels are broken into two main advertising time periods or day parts: off-peak (breakfast TV, daytime, weekends or overnight) and peak (nights).</p>\r\n\r\n<p>Below is a summary of the times and how your account manager may start to structure your commercial schedule:</p>\r\n\r\n<h2><strong>Off-Peak</strong></h2>\r\n\r\n<ul>\r\n	<li>\r\n	<p>Breakfast TV (5am-9am, Mon-Sun)</p>\r\n	</li>\r\n	<li>\r\n	<p>Daytime TV (9am-5pm, Mon-Sun)</p>\r\n	</li>\r\n	<li>\r\n	<p>Weekends (9am-5pm, Sat-Sun)</p>\r\n	</li>\r\n	<li>\r\n	<p>Overnights (10:30pm-9am, Mon-Sun)</p>\r\n	</li>\r\n</ul>\r\n\r\n<h2><strong>Peak</strong></h2>\r\n\r\n<ul>\r\n	<li>\r\n	<p>Fringe nights (5pm-6pm, Mon-Sun)</p>\r\n	</li>\r\n	<li>\r\n	<p>Nights (6pm-10:30pm, Sun-Thurs) but traditionally, Friday and Saturday nights have lower audiences</p>\r\n	</li>\r\n</ul>\r\n\r\n<p>Viewership of TV programming, as measured by companies such as Nielsen Media Research is often used as a metric for TV commercial placement, and consequently, the rates you&rsquo;re charged to air your commercial within a given network, television program, or time of day. Traditionally TV starts to gain audiences during the Mon-Fri nightly news (usually around 6pm or 7pm).</p>\r\n\r\n<p>You&rsquo;ll start to notice the most popular programs hitting your screens at night. The highest rating programs usually air between 7:30pm-10:30pm and are the most expensive timeslots. You&rsquo;ll notice big global brands with BIG budgets advertising in these timeslots. That&rsquo;s because it ain&rsquo;t cheap!</p>\r\n', 3, NULL, 'television-time-periods'),
(29, 1, 4, 1, 'Advertising on TV', '<p>The most efficient way to plan and book a commercial schedule is to speak directly with your local channel or network&rsquo;s sales department. Once you&rsquo;ve determined what channel/network works best to reach your target customers, your account manager for the given channel or network can help you plan and book your commercial schedule. They can also assist with your production requirements.</p>\r\n\r\n<p>The cost of running television commercials varies widely, depending on whether your commercials run on local stations or national networks. Rates vary depending on the time of day and year, as well as your location. To cut costs, make sure you know the programs your target market is most likely to watch.</p>\r\n\r\n<p>Once you know your target market, your account manager may talk to you about TARPS or cost per TARP.</p>\r\n\r\n<p>Here&rsquo;s what they mean:</p>\r\n\r\n<p><strong>A TARP</strong> is the percentage of a specific target audience viewing a program at the time. For example, your target market might be men aged 18-39 and you want to know how a particular program (e.g. NCIS) performs for this target. If 23% of men 18-39 in your market watch NCIS, your TARP for the program in this market is 23.</p>\r\n\r\n<p><strong>A</strong><strong> cost per TARP</strong> is the dollar cost of advertising within a program divided by the number of TARPs it will achieve. If NCIS costs $2,000 for a 30 sec commercial and achieves 23 TARPs against the specified target audience, then the cost per TARP (CPT) is $86.95</p>\r\n\r\n<p>Here&rsquo;s what a schedule might look like for you:</p>\r\n\r\n<p><strong>MICHAEL: INSERT TV SCHEDULE (per provided excel spreadhseet)</strong></p>\r\n\r\n<p>An average half hour&nbsp;TV&nbsp;program has around eight minutes of commercials (national clients like Coca Cola and local clients such as plumbers), divided into two or three breaks of 2-3mins. For local clients, most television channels/networks offer two minutes of local advertising per hour, giving small businesses a more affordable way to use TV as part of their marketing strategy.</p>\r\n\r\n<p>When you buy TV advertising, you buy based on the program and who the program is targeted at. As a camping shop, you might find you want to advertise in a lifestyle-based program. Often these programs air over the weekend and are therefore much cheaper to buy, plus it talks directly to your current and future customers as they&rsquo;re emotionally connected to the content.</p>\r\n\r\n<p>This works on two levels: better for your wallet and targeted at the people you want walking through your door. WIN WIN! &nbsp;</p>\r\n', 3, NULL, 'advertising-on-tv'),
(30, 1, 5, 1, 'Building Your TV Campaign', '<p>Okay, so you now know more about TV and who to talk to about advertising on it. It&rsquo;s now time to arm you with the info you need to create your ultimate campaign and really drive your business objectives.</p>\r\n\r\n<p>Here are the components and descriptions on how to use TV ad campaigns.</p>\r\n\r\n<h2><strong>Commercials </strong></h2>\r\n\r\n<p>This is the most common form of advertising on TV, and available to businesses of all sizes. They&rsquo;re pre-recorded and sold as 15, 30, 45 or 60-second pieces of content and are 100% dedicated to selling your business or product to viewers. They include sound, talent, moving pictures or graphics and can air at anytime, day or night.</p>\r\n\r\n<div style="background:#eee;border:1px solid #ccc;padding:5px 10px;"><em><strong>Hot Tip: </strong></em>TV commercial breaks are around 2-3 minutes, so you can have several clients in one break (i.e. 4-6 clients at 30 seconds per commercial break).</div>\r\n\r\n<p>&nbsp;</p>\r\n\r\n<h2><strong>Infomercial</strong></h2>\r\n\r\n<p>These are direct response television commercials of varying lengths (i.e. 30/60/120 seconds or 5-28 minutes). They can sit in a commercial break or be part of a program like a morning show or a dedicated shopping channel. The commercials offer products for direct sale, encouraging viewers to call or email to purchase the product via credit card, with the product sent directly to the viewer&rsquo;s home. They are usually bought on a national basis. So&hellip; how is your Nutri-Bullet going?</p>\r\n\r\n<h2><strong>Billboards</strong></h2>\r\n\r\n<p>Billboards are 10-second commercials placed at the beginning and end of a program or leading into a news or weather segment. They are NOT for call to action messages, but rather a branding exercise. They normally highlight that a program is &lsquo;brought to you by&rsquo; a business, bought at a local, state and national level.</p>\r\n\r\n<div style="background:#eee;border:1px solid #ccc;padding:5px 10px;"><em><strong>Hot Tip: </strong></em>These commercials are a great way to drive brand awareness for your business as well as being a cheaper option to spread your money further.</div>\r\n\r\n<p>&nbsp;</p>\r\n\r\n<h2><strong>News And Weather Sponsorships </strong></h2>\r\n\r\n<p>Much like billboards, you can sponsor your local news or weather segments in your nightly news programs each night. These commercials are ten seconds as well, and are used for branding your business, not a call to action. They can be bought on a local, state and national level.</p>\r\n\r\n<div style="background:#eee;border:1px solid #ccc;padding:5px 10px;"><em><strong>Hot Tip: </strong></em>This is a very popular timeslot for local businesses so make sure you get in early. The nightly news timeslot has strong viewership numbers often without the prime time price tag. So get on it!</div>\r\n\r\n<p>&nbsp;</p>\r\n\r\n<h2><strong>Branded Entertainment </strong></h2>\r\n\r\n<p>If you have a larger budget, this may be an option for your business. We love this stuff! Essentially it&rsquo;s entertaining content or programs funded by your business. Its purpose is to give your business the opportunity to communicate its image to its target audience in an original way, creating positive links between the brand and the program. These projects are often the result of deals&nbsp;between businesses, producers and networks.</p>\r\n\r\n<div style="background:#eee;border:1px solid #ccc;padding:5px 10px;"><em><strong>Hot Tip: </strong></em>branded content is traditionally created by big brands with big budgets, so keep this in mind and watch for great examples that you might be able to create with a smaller budget. This content may be used online versus broadcast on TV if you have a small budget. The cost to produce a program that runs 22 minutes can be high, depending on the network. The show concept must also fit the network&rsquo;s programming, so there are a few hurdles to get over to produce and air a program.</div>\r\n\r\n<p>&nbsp;</p>\r\n\r\n<p><strong>Here are a few considerations to raise with your account manager when looking at advertising on TV:</strong></p>\r\n\r\n<ul>\r\n	<li>\r\n	<p>Ask to see the audience broken down by program for only the market/s you want to advertise in (make sure they&rsquo;re right for your business)</p>\r\n	</li>\r\n	<li>\r\n	<p>Try to advertise during TV survey periods (they run on a 13-week cycle and the most popular programs are aired during these periods, reaching the greatest number of people)</p>\r\n	</li>\r\n	<li>\r\n	<p>Ask for their current special offer (they always have one, so you just need to ask) and we recommend you contact your account manager towards the end of the month when they&rsquo;re more likely do a deal</p>\r\n	</li>\r\n	<li>\r\n	<p>Splice your advertising schedule with 10, 15 or 30-second commercials, ensuring there&rsquo;s a branding element and a clear call to action (the different time lengths will allow you to spread your dollar further, which is preferable to scheduling only 30-second commercials)</p>\r\n	</li>\r\n	<li>\r\n	<p>Make sure you clearly detail your objectives in your meeting by deciding what you want the advertising to achieve for your business. Set clear KPIs around the activity so you and your account manager know what success looks like, and you can keep the television station accountable</p>\r\n	</li>\r\n	<li>\r\n	<p>If you don&rsquo;t feel 100% comfortable with the plan, tell them. Then tweak the plan until you&rsquo;re satisfied. If you go in with doubt, you won&rsquo;t feel like your advertising dollar is going to go far enough&nbsp;</p>\r\n	</li>\r\n</ul>\r\n', 3, NULL, 'building-your-tv-campaign'),
(31, 1, 6, 1, 'Producing Your TV Commercial', '<p><strong>It&rsquo;s time to get creative!</strong></p>\r\n\r\n<p>The TV networks may offer to write and produce your TV material for you, but you can also choose to work with an independent production house to produce your commercials and send them to the network for airing.</p>\r\n\r\n<p>Before you start to build your TV commercial, think about the points below before you even get to the script:</p>\r\n\r\n<ul>\r\n	<li>\r\n	<p>Set clear objectives for what you want your advertising to achieve (drive sales, increase brand awareness, drive enquiries to a website, or trial a product/service)</p>\r\n	</li>\r\n	<li>\r\n	<p>Tell people exactly where and how to get the product (e.g. in-store, website, phone number)</p>\r\n	</li>\r\n	<li>\r\n	<p>Highlight your business&rsquo; point of difference (what makes you stand out from your competitors?)</p>\r\n	</li>\r\n	<li>\r\n	<p>Include your key message (what&rsquo;s your business&rsquo; brand position; i.e. &lsquo;Nike &ndash; Just Do It&rsquo;)</p>\r\n	</li>\r\n	<li>\r\n	<p>Have clean simple messaging, and remember to KISS (Keep It Simple Stupid)</p>\r\n	</li>\r\n	<li>\r\n	<p>Ensure one call to action (what do you want people to do or buy, and what is their action?)</p>\r\n	</li>\r\n	<li>\r\n	<p>Highlight no more than 2-3 points in one commercial</p>\r\n	</li>\r\n	<li>\r\n	<p>Keep the product or service at the forefront throughout (repeat key information such as your company name, product/service or phone numbers)</p>\r\n	</li>\r\n	<li>\r\n	<p>Remove clutter and keep it clean (that includes music and sound effects, pictures and graphics)</p>\r\n	</li>\r\n	<li>\r\n	<p>Find a way to emotionally connect your target with your message (don&rsquo;t just make them watch and listen; make them <em>feel</em>)</p>\r\n	</li>\r\n	<li>\r\n	<p>Make sure to use informal language and write the way you talk (act as though you&rsquo;re talking directly to your customers)</p>\r\n	</li>\r\n</ul>\r\n\r\n<p>Once you know your direction, here are a few things you need to think about when you move onto producing a TV commercial.</p>\r\n\r\n<p>There are 3 clear processes:</p>\r\n\r\n<h2><strong>1. Pre-Production</strong></h2>\r\n\r\n<h3><strong>Consultation</strong></h3>\r\n\r\n<p>This process should include a meeting with your assigned producer to determine what you need. Give them an idea of a creative direction and they&rsquo;ll provide a quote.</p>\r\n\r\n<h3><strong>The Script</strong></h3>\r\n\r\n<p>Once you&rsquo;ve chosen your production company, the script is the most important part of the process. Your writer should continue to re-write versions of the script with audio and visual notes until you&rsquo;re 100% happy</p>\r\n\r\n<h3><strong>Casting</strong></h3>\r\n\r\n<p>This is a critical consideration because the actor or narrator will become the face or voice of your brand. Producers must source and hire talent that perfectly represents your business and communicates your message.</p>\r\n\r\n<h3><strong>Rehearsals</strong></h3>\r\n\r\n<p>Don&rsquo;t leave anything to chance. By practising before the day of the shoot, the whole team (talent, crew and producers) can minimise the time it will take to film or video the content. Remember that shoots can involve a lot of detail including wardrobe, hair, make up, sets and props. One missing element can lead to a delayed (or even cancelled!) production.</p>\r\n\r\n<h2><strong>2. Shoot</strong></h2>\r\n\r\n<h3><strong>Resources</strong></h3>\r\n\r\n<p>Your producers are responsible for any agreed resources that should be on set, as per the script. That not only means camera crews, audio and lighting teams, but also furniture, props and backgrounds.</p>\r\n\r\n<h3><strong>Scheduling</strong></h3>\r\n\r\n<p>There&rsquo;s a reason why good producers run productions according to strict schedules. The tiniest detail can make the shoot lag. The last thing you want is a rushed performance, compromised script or increased budget. Ensure enough time has been allocated for wardrobe, hair and make up, prior to the shoot.</p>\r\n\r\n<h2><strong>3. Post Production</strong></h2>\r\n\r\n<h3><strong>Editing </strong></h3>\r\n\r\n<p>After the shoot, your commercial goes into post-production. This is where all of the footage is taken into an editing studio and combined to produce your final commercial. During this phase, music, graphics and takes are selected to be edited together based on your approved script (this is why the script is soooo important!). You will get to approve the commercial before it is 100% completed and may be able to make slight changes to ensure it speaks perfectly to your customers.</p>\r\n\r\n<h3><strong>Delivery </strong></h3>\r\n\r\n<p>The production company or TV network should deliver the final version of your commercial to your chosen TV network. It&rsquo;s their final (and most important) task to ensure all legal requirements are correct and nothing stops your commercial from being aired according to the agreed schedule.</p>\r\n', 3, NULL, 'producing-your-tv-commercial'),
(32, 1, 7, 1, 'Pros and Cons of TV', '<h2><strong>PROS of Television:</strong></h2>\r\n\r\n<ul>\r\n	<li>\r\n	<p>Reaches the largest audience in the shortest period of time</p>\r\n	</li>\r\n	<li>\r\n	<p>Reaches viewers when they&rsquo;re most attentive</p>\r\n	</li>\r\n	<li>\r\n	<p>Allows you to convey your message with pictures, sound and motion</p>\r\n	</li>\r\n	<li>\r\n	<p>Allows for you to create brand personality and credibility</p>\r\n	</li>\r\n	<li>\r\n	<p>Ability to time and place messages that reach the right audience</p>\r\n	</li>\r\n	<li>\r\n	<p>Have a strong Impact and create brand fame</p>\r\n	</li>\r\n</ul>\r\n\r\n<h2><strong>CONS of Television:</strong></h2>\r\n\r\n<ul>\r\n	<li>\r\n	<p>It&rsquo;s expensive compared to other media, both to produce and air</p>\r\n	</li>\r\n	<li>\r\n	<p>Can create clutter, with many different businesses placed in the same commercial break</p>\r\n	</li>\r\n	<li>\r\n	<p>Production takes a long time and it&rsquo;s hard to make changes once it&rsquo;s been produced</p>\r\n	</li>\r\n	<li>\r\n	<p>TV is heavily governed, so commercials can take a long time to approve and be costly to finalise</p>\r\n	</li>\r\n	<li>\r\n	<p>It&rsquo;s hard to judge the success of a campaign due to no clear measurement of outcomes</p>\r\n	</li>\r\n	<li>\r\n	<p>TV needs repetition to work, so can be costly and timely</p>\r\n	</li>\r\n	<li>\r\n	<p>Hard to target niche audiences</p>\r\n	</li>\r\n	<li>\r\n	<p>Free-to-air and cable/Pay TV viewership is reducing due to competition from streaming services (Netflix and STan TV), which currently don&rsquo;t offer commercial opportunities</p>\r\n	</li>\r\n</ul>\r\n', 3, NULL, 'pros-and-cons-of-tv'),
(33, 21, 0, 1, 'What is Digital Marketing?', '<p>Digital is the most sophisticated and advanced form of global media, delivering results almost immediately for businesses. One click of a mouse, or a double tap of a phone or tablet, let&rsquo;s you know who and where your customers are in a matter of seconds.</p>\r\n\r\n<p>Have you ever clicked an ad on a website and been stalked for the next month by the same ads from the same business across all of your devices? Yep! They&rsquo;ve got you! Just that one click has meant you&rsquo;ve shown interest in their business or type of business, so they&rsquo;ve started to hone in on you, hoping you decide to buy whatever they&rsquo;re selling.</p>\r\n\r\n<div style="background:#eee;border:1px solid #ccc;padding:5px 10px;"><strong>Hot tip: </strong>it normally takes someone 10-15 times to see an ad online before they understand what you&rsquo;re selling and take action.</div>\r\n\r\n<p>Essentially digital marketing has ensured you can 100% tailor your messages to the right people at the right time, anywhere in the world. Your business can have global scale the moment your website goes live. Spending some dollars on online marketing on channels such as Google, Facebook or display allows you to track every element of your spend and know who&rsquo;s coming to your website.</p>\r\n\r\n<p>So when you&rsquo;re starting to build your digital marketing campaign, below are some channels you may consider:</p>\r\n\r\n<ul>\r\n	<li>Electronic direct mail (EDM)</li>\r\n	<li>Search engine marketing (SEM)</li>\r\n	<li>Display advertising (banner or video advertising)</li>\r\n	<li>Blogging</li>\r\n</ul>\r\n\r\n<p>Lets hit send and find out how digital can grow your business.&nbsp;</p>\r\n', 3, NULL, 'what-is-digital-marketing'),
(34, 21, 1, 1, 'Why is Digital Important?', '<p>In today&rsquo;s digital world, you need to be smarter and savvier with the promotion of your product/service online.</p>\r\n\r\n<p>Digital is important to the marketing mix because it:</p>\r\n\r\n<ul>\r\n	<li>Is cost effective</li>\r\n	<li>Drives sales and increases your ROI (return on investment)</li>\r\n	<li>Is interactive&mdash;people can not only see and hear your ad, but also click, collaborate, share, modify and compete</li>\r\n	<li>Is 24/7 advertising and measurability, anywhere in the world</li>\r\n	<li>Works well across the entire customer/client, purchase/sales journey, from awareness to conversion (when they hit &lsquo;buy now!&rsquo;)</li>\r\n	<li>Is an effective part of any integrated media plan, including non-digital advertising like radio or TV</li>\r\n	<li>Is capable of reaching a large audience and can achieve positive word of mouth advertising</li>\r\n</ul>\r\n', 3, NULL, 'why-is-digital-important');
INSERT INTO `pages` (`id`, `parent_id`, `position`, `real_depth`, `title`, `content`, `package_id`, `deleted_at`, `slug`) VALUES
(35, 21, 2, 1, 'What is Search Engine Marketing?', '<p>Heard the term &lsquo;why don&rsquo;t you just Google it&rsquo; and found the business you&rsquo;re looking for at the top of the page? Guess what? They&rsquo;ve paid to be there!</p>\r\n\r\n<p>This process is known as search engine marketing (SEM). You create &lsquo;keywords&rsquo; that explain and promote your business. There are three main search engines&mdash;Google, Bing and Yahoo&mdash;which feature paid listings at the top of search results.</p>\r\n\r\n<p>Let&rsquo;s start understanding what SEM is all about (we know it can be pretty confusing!). Firstly, unlike SEO (Search Engine Optimisation), which is all about organic (free) word searches; SEM is paid or pay per click (PPC) marketing that can be purchased through Google, Yahoo and Bing search engines.</p>\r\n\r\n<p>Here&rsquo;s how it works:</p>\r\n\r\n<ul>\r\n	<li>People jump onto a search engine like Google and type in a few select keywords to search for a product/service, such as &lsquo;top bars in Brisbane&rsquo;</li>\r\n	<li>If you&rsquo;re a &lsquo;bar&rsquo; in &lsquo;Brisbane&rsquo; and have paid for these keywords, your ad will pop up in the top section of the search results</li>\r\n	<li>People then click on your ad (yay!) and head to your web page</li>\r\n</ul>\r\n\r\n<p>Search marketing is highly effective and less intrusive because people are actively searching for something, and hopefully you&rsquo;re there; ready to take their click. With the right keywords, the right budget and the right processes, you can go from page 127 to the top of the pile, making it nearly impossible for people to miss you. And the best part, you don&rsquo;t need to spend a fortune to be seen either!</p>\r\n', 3, NULL, 'what-is-search-engine-marketing'),
(36, 21, 3, 1, 'Creating SEM Campaigns', '<p>Before we get to the strategic part of our campaign, first read this: <a href="http://adwords.google.com/">Google Adwords</a>. Then <a href="https://support.google.com/adwords/?hl=en-AU">read the set-up and basics.</a></p>\r\n\r\n<p>Okay scholar, now you have a better understanding, it&rsquo;s time to get started.</p>\r\n\r\n<p>Let&rsquo;s begin with a few tips:</p>\r\n\r\n<ul>\r\n	<li>Create a whole list of different &lsquo;keywords&rsquo; you believe your customers will search for</li>\r\n	<li>Set a daily budget (as little as $20-$50 a day will give you a great start) and remember that these platforms have a bidding process, so figure out how much you&rsquo;re willing to pay for one person to click on your ad (anywhere between $1.00-$2.00 is a great guide)</li>\r\n	<li>If you spend $20 a day at a pay per click (PPC) of $2.00 you will get 10 clicks to your website per day</li>\r\n	<li>Your ad must consist of a headline, URL and brief description</li>\r\n	<li>Include a strong call to action (you want to make it as easy as possible for people to buy what you&rsquo;re selling)</li>\r\n	<li>Include the price/discount value or specific offer</li>\r\n	<li>Include at least one keyword in the text of your ad (e.g. if you&rsquo;ve used &lsquo;hairdresser&rsquo; as a keyword, your ad could say &rsquo;50% off all Hairdresser Services&rsquo;)</li>\r\n	<li>Try different variations of your ad to test which ones perform better</li>\r\n	<li>Create several ad sets (groups) to target different products/services, e.g., one for &lsquo;haircuts&rsquo; and one for &lsquo;colour&rsquo;</li>\r\n	<li>Use the negative keywords function: adding words that don&rsquo;t directly relate to your campaign to your negative keywords list will ensure your ads are only shown to people who are looking for what you offer, cutting budget wastage</li>\r\n	<li>If you&rsquo;re a plumber and added &lsquo;tools&rsquo; as a negative keyword, people who are simply searching to purchase plumbing tools will not be shown your ad as opposed to someone specifically looking to hire a plumber</li>\r\n	<li>Trial and error&mdash;make sure you test your campaigns and tweak when necessary</li>\r\n</ul>\r\n\r\n<p></p>\r\n\r\n<div style="background:#eee;border:1px solid #ccc;padding:5px 10px;"><strong>Hot tip: </strong>want to know what to avoid? <a href="https://support.google.com/adwordspolicy/answer/6021546">Common mistakes in SEM campaigns</a></div>\r\n\r\n<p></p>\r\n\r\n<p>Let&rsquo;s give you a practical example using Google&rsquo;s search engine:</p>\r\n\r\n<ul>\r\n	<li>\r\n	<p>We&rsquo;ve typed &lsquo;Hairdressers in Sydney&rsquo; into the Google search engine and here&rsquo;s what came up in the search results</p>\r\n	</li>\r\n	<li>The top result in the red box is an &lsquo;ad&rsquo; paid for using Google AdWords (you can see the yellow Ad box near the website address in green)</li>\r\n	<li>Using the AdWords best practices and a daily budget, Google has ranked this ad and placed it at the top of the pile</li>\r\n	<li>So when someone searches for this specific phrase, this business will be the first one you see (that&rsquo;s exactly where you need to be!)</li>\r\n	<li></li>\r\n</ul>\r\n\r\n<div style="background:#eee;border:1px solid #ccc;padding:5px 10px;"><strong>Hot tip: </strong>you always want to be at least in the top 3 search results</div>\r\n\r\n<p><!--![endif]----></p>\r\n', 3, NULL, 'creating-sem-campaigns'),
(37, 21, 4, 1, 'SEM Pros and Cons', '<p><strong>PROS of Search Engine Marketing:</strong></p>\r\n\r\n<ul>\r\n	<li>Reach capabilities: you&rsquo;ll be reaching your customers when they&rsquo;re actively seeking what you&rsquo;re offering</li>\r\n	<li>It drives people directly to your website</li>\r\n	<li>Cost effective (you can reach a large number of people at a relatively low cost) and you can set your own budget (daily limits as low as $20 can work a treat)</li>\r\n	<li>You&rsquo;re not locked into any campaign (you can pause or stop campaigns as you need to)</li>\r\n	<li>You only pay for results (if there are no clicks, you don&rsquo;t pay!)</li>\r\n	<li>Highly targeted (you&rsquo;re marketing directly to people who are already searching for you)</li>\r\n	<li>People can see your location and contact information easily</li>\r\n	<li>You can target mobile, desktop and tablet users with just one click</li>\r\n	<li>Highly measurable (meaning you know if your dollars are being spent wisely) and can easily be tweaked to get the best results</li>\r\n	<li>You can execute multiple campaigns at once</li>\r\n</ul>\r\n\r\n<p></p>\r\n\r\n<p><strong>CONS of Search Engine Marketing:</strong></p>\r\n\r\n<ul>\r\n	<li>The level of reach can often include people who may not be searching for your product/service</li>\r\n	<li>Difficult and time consuming to master (the bidding process for keywords can be tricky)</li>\r\n	<li>If not executed right, you could waste your money</li>\r\n	<li>It generally takes time to develop your strategy, so it might be a good idea to work with an expert</li>\r\n	<li>Visibility on the top search pages doesn&rsquo;t necessarily mean a conversion</li>\r\n	<li>Every click costs money, whether they buy your product/service or not</li>\r\n	<li>Services like Google Adwords can have strict guidelines on the copy you can use</li>\r\n</ul>\r\n', 3, NULL, 'sem-pros-and-cons'),
(38, 21, 5, 1, 'What are Blogs?', '<p>Blogs are HUGE business. They&rsquo;re an essential and FREE extension to your business&rsquo; digital marketing strategy. Yes <strong>FREE</strong>!</p>\r\n\r\n<p>Blogs are articles that showcase your expertise on a particular topic. If you want to get noticed and promote your business, (e.g. you&rsquo;re a stylist and you want to grow your business) you could start blogging about the latest fashion trends, giving your community tips and tricks to help them select the right outfit. You can post it on your website, then across your social channels and encourage people to share it with their friends. The only cost is your time to write it.</p>\r\n\r\n<p>A well designed, well structured and well written blog can:</p>\r\n\r\n<ul>\r\n	<li>Showcase your business as a market leader/influencer</li>\r\n	<li>Give your business its own &lsquo;voice&rsquo;</li>\r\n	<li>Provide customers with the latest news, reviews and interesting topics</li>\r\n	<li>Build long-term customer/client relationships</li>\r\n	<li>Assist in driving traffic to your website</li>\r\n	<li>Showcase or highlight your business&rsquo; personality</li>\r\n	<li>Convert website traffic into leads</li>\r\n	<li>Use keywords that highlight your business and help with your search engine optimisation (SEO)</li>\r\n</ul>\r\n\r\n<p>When selecting your website template, make sure it has a blogging function like Wordpress.</p>\r\n\r\n<p></p>\r\n\r\n<div style="background:#eee;border:1px solid #ccc;padding:5px 10px;"><strong>Hot tip: </strong>use a university student to help write your blogs too. Give them the topics you want to cover and they can help you research your content and find images. This will take the pressure off you and you&rsquo;ll be able to regularly give your community content. Make sure you create a calendar and schedule your blogs. You want them to be written and published at optimum times to reach your target audience.</div>\r\n', 3, NULL, 'what-are-blogs'),
(39, 21, 6, 1, 'Creating Your Blog', '<p>Here&rsquo;s a general rule of thumb when creating a blog:</p>\r\n\r\n<ul>\r\n	<li>Brainstorm ideas for your topics or themes</li>\r\n	<li>Create a brief outline of what you want to write (your key points), remembering blogs don&rsquo;t have to be long (300-1000 words is normal)</li>\r\n	<li>Be accurate and correct, always checking your facts, so if your community asks for evidence (nine times out of ten they won&rsquo;t), sourcing is a good habit to get into</li>\r\n	<li>Make sure what you&rsquo;re writing is topical and has relevance to your audience</li>\r\n	<li>Be timely and consistent by maintaining your blog (there&rsquo;s no point launching a blog with rare posts or, even worse, none at all)</li>\r\n	<li>Once you&rsquo;ve written your blog article, proofread before posting</li>\r\n	<li>Look for ways to promote each article, like using your social media channels (you can sponsor or boost your posts on platforms like Facebook)</li>\r\n</ul>\r\n\r\n<p></p>\r\n\r\n<div style="background:#eee;border:1px solid #ccc;padding:5px 10px;"><strong>Hot tip: </strong>when writing your blogs, make sure you use words that are popular and topical in your industry. This will ensure your blogs are optimised for SEO (organic reach) and are seen by more people in your field.&nbsp;</div>\r\n', 3, NULL, 'creating-your-blog'),
(40, 21, 7, 1, 'Blogs Pros and Cons', '<p><strong>Pros of blogging:</strong></p>\r\n\r\n<ul>\r\n	<li>Positions you as an expert in your field</li>\r\n	<li>Highlights your business in a conversational and informative way (shows your business&rsquo; personality and builds your online community)</li>\r\n	<li>Starting a blog is easy and free to do</li>\r\n	<li>It can provide people with a reason to visit your website (for instance, you&rsquo;re a food blogger and you&rsquo;ve written an article on the &lsquo;Top Ten Restaurants to Visit&rsquo;)</li>\r\n	<li>Allows you to communicate directly to your community</li>\r\n	<li>Allows you to grow your business with content without the need to spend on advertising (people share it, increasing your reach)</li>\r\n	<li>If you use the right words for your industry in your posts, you will be able to optimise your articles, so you&rsquo;ll be found in searches on engines like Google more regularly (it sounds confusing, but it works!)</li>\r\n</ul>\r\n\r\n<p></p>\r\n\r\n<p><strong>Cons of blogging:</strong></p>\r\n\r\n<ul>\r\n	<li>It can be extremely time consuming and requires regular updates</li>\r\n	<li>You need to plan and find the time to: say it, post it and promote it</li>\r\n	<li>Blogs are a reflection of your business, so they need to abide by your company guidelines/ethos</li>\r\n	<li>For you to have wider exposure on your blogs (outside your existing community), you may need to spend marketing dollars to promote the posts and content, like sponsored posts on Facebook</li>\r\n	<li>People can comment on your blogs, so be prepared for responses and reply with respect and understanding</li>\r\n	<li>Blogging can be quite competitive, so make sure what you say offers a point of difference, otherwise you&rsquo;ll get lost in the clutter</li>\r\n</ul>\r\n', 3, NULL, 'blogs-pros-and-cons'),
(41, 21, 8, 1, 'What''s an EDM?', '', 3, NULL, 'what-s-an-edm'),
(42, 21, 9, 1, 'Creating your EDM', '<p>How often do you get &lsquo;spammed&rsquo; with businesses all pumping you with needless, useless information? You signed up for information and since then, they&rsquo;ve latched onto your details like a piranha. Before you get to the first line, you&rsquo;ve hit &lsquo;report as spam&rsquo; or hunted down that super hard to find &lsquo;unsubscribe&rsquo; button. Bye bye, buddy.</p>\r\n\r\n<p>So how do you make sure you&rsquo;re not one of these businesses? All EDMs need to be useful, provide something desirable or offer value. Finding your right audience is key. If you&rsquo;re selling mobility scooters and targeting 18-24s, your open rate and success rate will no doubt be low (very low!)</p>\r\n\r\n<p></p>\r\n\r\n<h3>Here are a few tips to get you started on writing your first EDM:</h3>\r\n\r\n<p><strong>Think of the reason you&rsquo;re sending your EDM </strong></p>\r\n\r\n<p>Why should people take two minutes out of their busy day to read your email? Think &lsquo;what&rsquo;s in it for them?&rsquo; If it doesn&rsquo;t have a purpose or seem desirable to the reader, you&rsquo;ll very quickly end up on the unopened spam pile. So make sure you have something your audience wants or needs.</p>\r\n\r\n<p><strong>Consider your &lsquo;Subject Line&rsquo; </strong></p>\r\n\r\n<p>If the subject line doesn&rsquo;t grab the reader, they may never see your great offer. To draw the reader in, make sure your subject line is catchy, relevant, has a purpose/benefit and contains between three and seven words. It doesn&rsquo;t need to be an essay.</p>\r\n\r\n<p><strong>Think about the words you use</strong></p>\r\n\r\n<p>Every word needs to grab the reader and encourage them to act (e.g. visit your website or hit &lsquo;buy now&rsquo;). Don&rsquo;t be too wordy. Keep it short, sharp, concise and show your business&rsquo; personality. The first sentence is key, especially for those using a mobile device. This may be the only line they see, so make it count&mdash;your offer should be here or in the subject line.</p>\r\n\r\n<p><strong>Timing Timing Timing </strong></p>\r\n\r\n<p>If you listen to the many marketers out there, they&rsquo;ll say midday, midweek or between 9&ndash;5 (excluding 1&ndash;2pm for the lunch break) but there&rsquo;s really no hard and fast rule when sending out EDMs. The best time will depend on your audience. Trial and error is key. You&rsquo;ll notice pretty quickly if people open your email and more importantly, buy what you&rsquo;re selling.</p>\r\n\r\n<p><strong>Use the Analytics</strong></p>\r\n\r\n<p>Analyse each EDM (e.g. when people are opening your emails) through the internal analytics tools. There&rsquo;s no point sending emails out at 9.30am, weekdays if your product/service is targeted at those working night shifts (they&rsquo;re most likely to be sleeping during the day, so it will be a waste of time&hellip;for both of you!).</p>\r\n\r\n<p><strong>Finally&hellip; Test Test Test! </strong></p>\r\n\r\n<p>Test your EDMs to make sure they have the look and feel you&rsquo;re after (especially between different devices like mobiles, tablets and desktop computers. You can also A/B test your emails (send one version of your email to half your audience and a different version to the remainder). You may change the design in one and the text in another, so you can work out which ones provide the best outcome for your campaign. Choose the most successful version and use it as a guide.&nbsp;</p>\r\n', 3, NULL, 'creating-your-edm'),
(43, 21, 10, 1, 'EDM Pros and Cons', '<p><strong>Pros of EDMs:</strong></p>\r\n\r\n<ul>\r\n	<li>Cost effective (you can reach a large number of people at relatively low cost)</li>\r\n	<li>You can easily direct traffic to your website and see how many people open your emails and take action</li>\r\n	<li>Once set up, EDMs are simple to create and send on your own, provided you choose the right program for you</li>\r\n	<li>Good for brand awareness, building customer relationships and getting information and updates to your target audience</li>\r\n	<li>Emails can be easily customised, showcasing your business&rsquo; personality to mirror your product, website and social media channels</li>\r\n</ul>\r\n\r\n<p></p>\r\n\r\n<p><strong>Cons of EDMs:</strong></p>\r\n\r\n<ul>\r\n	<li>There can be a lot of clutter, with too many emails reaching peoples&rsquo; inboxes</li>\r\n	<li>Can be difficult to ensure your EDMs are opened and, more importantly, read</li>\r\n	<li>Must maintain consistent messaging, which can be time consuming</li>\r\n	<li>It can be difficult to manage the right amount of information sent to your database (you need to invest in a good quality strategy to ensure success)</li>\r\n	<li>EDMs can be &lsquo;unsubscribed&rsquo; from</li>\r\n	<li>May need professional assistance to ensure all EDMs look right on all platforms (i.e. mobile, tablet, desktop)</li>\r\n</ul>\r\n', 3, NULL, 'edm-pros-and-cons'),
(44, 21, 11, 1, 'What is Display Advertising?', '<p>Display advertising (also known as Banner Ads) come in several forms and can include text, images, video, audio and flash animation. They are generally chosen for overall brand awareness and recognition rather than driving a direct sale.</p>\r\n\r\n<p>Unlike search campaigns that generally only allow text and are based on someone actively searching for your business, display advertising gives you the opportunity to highlight your message with visually engaging content that can be shown on various websites, targeting your specific audience.</p>\r\n\r\n<p>There are three main kinds of display advertising (in a range of different sizes):</p>\r\n\r\n<ul>\r\n	<li>Static banner ads incorporating text and images (flat images that have no movement)</li>\r\n	<li>Rich media ads incorporating text and images that have movement using Flash/GIF animation (several different images rotating through a sequence)</li>\r\n	<li>Video ads that either play automatically when a website opens or people can click to play</li>\r\n</ul>\r\n\r\n<p>Display advertising works by using people&rsquo;s demographics, interests and online activity to target advertising messaging to them. Display Advertising is a great way to generate leads (not sales), as the advertising usually appears at the top or the side of a website, visible to people as they scan websites for content relevant to them.</p>\r\n\r\n<p>Let&rsquo;s give you a practical example of what display/banner ads look like and the shapes and sizes available to you:</p>\r\n\r\n<p>You can see in the example, Mantra hotels have purchased multiple banner ads on news broadcasting site news.com.au. They&rsquo;ve incorporated multiple sizes and although you can&rsquo;t see in the example, have used &lsquo;rich media&rsquo; (moving) ads. All ads are &lsquo;above the fold&rsquo; and show as soon as you load the page (you don&rsquo;t need to scroll down to see them). There&rsquo;s a strong call to action on each and they&rsquo;ve created a sense of urgency, i.e., &lsquo;Sale is only available for 7 days&rsquo;</p>\r\n\r\n<p></p>\r\n\r\n<p><strong>Hot tips: </strong></p>\r\n\r\n<ul>\r\n	<li>The size of the ad you&rsquo;ve created and the inventory you&rsquo;ve purchased will determine your positioning on a website</li>\r\n	<li>You always want to be &lsquo;above the fold&rsquo; (at the top of the page, before anyone needs to scroll down)</li>\r\n</ul>\r\n\r\n<p><!--![endif]----></p>\r\n', 3, NULL, 'what-is-display-advertising'),
(45, 21, 12, 1, 'Creating Your Display Advertising Campaign', '<p>Placement of your display advertising can vary depending on your budget and your target market. You can purchase advertising direct with a website publisher, such as your local radio station or newspaper website, or via companies and ad exchanges (virtual marketplaces) that buy advertising on multiple websites on your behalf. They build the schedules and help you navigate the minefield of publishers and normally lock down a relevant rate for you.</p>\r\n\r\n<p>Or you can buy them yourself through our friends at <a href="https://support.google.com/adwords/answer/1722134?hl=en.">Google</a>. Buying through Google will be the cheaper option but will only display on Google owned assets. Despite this limitation, the big advantage is you won&rsquo;t have to pay commissions to publishers or ad exchanges.&nbsp;</p>\r\n\r\n<p>The typical forms of advertising rates for display include the below. Choose the one relevant to you, CPM is the one most commonly used.</p>\r\n\r\n<ul>\r\n	<li>CPC (cost per click) is the cost of one click</li>\r\n	<li>CPM (cost per thousand impressions) is the amount charged for an ad impression per 1000 times</li>\r\n	<li>Impression is the appearance of an ad on a website, regardless of whether a user clicks on the ad or not</li>\r\n</ul>\r\n\r\n<p>When creating your ads, here are a few things to consider:</p>\r\n\r\n<ul>\r\n	<li>Always use compelling, captivating imagery and text (you need to stand out!)</li>\r\n	<li>Always include a call to action (what&rsquo;s the ad there for in the first place?) and adding a sense of urgency like &lsquo;BUY NOW&rsquo;</li>\r\n	<li>Think about how the ads will display on mobile and tablets because they need to translate to smaller formats (people are on these devices more often)</li>\r\n	<li>Look to incorporate colour but always stick to your brand guidelines, incorporating clean and crisp images with very little text (don&rsquo;t get too busy!)</li>\r\n	<li>Make your ad relatable, so if you&rsquo;re a clothing brand, create an ad with someone wearing your product (give people a visual cue)</li>\r\n	<li>There are online services available to you to use as templates/guides for your ads, we&rsquo;d suggest working with a graphic designer</li>\r\n	<li>Flash animation generally works better than static ads, so think about this when briefing your designers</li>\r\n	<li>Do your research by looking online, seeing what stands out to you and what may work for your campaign, but remember to stay on brand</li>\r\n	<li>Experiment: there&rsquo;s no hard or fast rule so experiment with colours, designs and templates to see what works best for you</li>\r\n	<li>Test your ads regularly, especially A/B testing (two different versions of the ad) to measure the impact of each ad</li>\r\n</ul>\r\n', 3, NULL, 'creating-your-display-advertising-campaign'),
(46, 21, 13, 1, 'Display Advertising Pros and Cons', '<p><strong>Pros of display:</strong></p>\r\n\r\n<ul>\r\n	<li>Highly visual medium, allowing people to click through to your website direct from the ad</li>\r\n	<li>Highly targeted and trackable in real time (e.g. clicks, impressions, conversions)</li>\r\n	<li>Can build brand awareness easily and efficiently by tailoring to specific websites</li>\r\n	<li>Can be cost effective to purchase, especially if you buy ad placements on the right websites</li>\r\n	<li>Multiple campaigns can be created at once and can run in conjunction with each other</li>\r\n</ul>\r\n\r\n<p></p>\r\n\r\n<p><strong>Cons of display:</strong></p>\r\n\r\n<ul>\r\n	<li>It can be a costly exercise if you need to hire a designer to create the ads for you</li>\r\n	<li>People can easily block or close your ads</li>\r\n	<li>Users find them distracting and often click away from them</li>\r\n	<li>Understanding the technical elements (e.g. sizing and weighting) can be tricky, especially for mobile and tablet users</li>\r\n	<li>There isn&rsquo;t as much transparency over advertising inventory, so you&rsquo;re relying on an exchange to place the ads on the right websites for you</li>\r\n	<li>It&rsquo;s more about brand awareness than conversion, so display has a longer burn time (someone needs to see it 10-15 times before they take action or recognise the ad, which is high frequency when compared to radio, TV or print</li>\r\n</ul>\r\n', 3, NULL, 'display-advertising-pros-and-cons'),
(47, 21, 14, 1, 'Final Thoughts', '<p>Ready to delve into this crazy world of digital marketing? Before you do, here are a few more questions to ask yourself:</p>\r\n\r\n<p><strong>What are your goals? </strong></p>\r\n\r\n<p>What do you want to achieve? Brand awareness, clicks to a website or sales?</p>\r\n\r\n<p><strong>Who is your target market?&nbsp; </strong></p>\r\n\r\n<p>Consider the demographics. Do they even use digital? You can have the best campaign but if it&rsquo;s not reaching your audience, it&rsquo;ll fail.</p>\r\n\r\n<p><strong>What is your budget and how will you spend it? </strong></p>\r\n\r\n<p>Which channels do you want to use? How much do you want to spend?</p>\r\n\r\n<p><strong>How long do you want to run a campaign for?</strong></p>\r\n\r\n<p>It&rsquo;s better to spend a smaller amount across a longer period of time than jump in head first with an expensive but short-term message.</p>\r\n\r\n<p><strong>What content can you create or have access to? </strong></p>\r\n\r\n<p>Again, think about your audience and what they will engage with. Will you be creating images, videos, EDMs or blogs that will promote your business? Can you source items that highlight you as a leader in your field?</p>\r\n\r\n<p>A friendly reminder: it normally takes someone 10-15 times to see an ad online, understand what you&rsquo;re selling and take action.&nbsp;</p>\r\n', 3, NULL, 'final-thoughts'),
(48, 21, 15, 1, 'Glossary (The Basics)', '<p><strong>Above The Fold (ATF)</strong> &ndash; the section of the website that appears at the top of the page before a user needs to scroll down</p>\r\n\r\n<p><strong>Acquisition</strong> &ndash; an action made by a user based on the campaign. Example: purchasing a ticket to an event after seeing and clicking on the ad&nbsp;</p>\r\n\r\n<p><strong>Ad Exchange</strong> &ndash; online marketplaces that facilitate buying and selling of ad inventory</p>\r\n\r\n<p><strong>Banner</strong> &ndash; are the graphic images that form the basis of an ad on a website</p>\r\n\r\n<p><strong>Banner Rotation</strong> &ndash; refers to different sets of banner ads that interchange on the website</p>\r\n\r\n<p><strong>Below The Fold (BTF)</strong> &ndash; the section of the website that appears once the users scrolls below the initial screen image</p>\r\n\r\n<p><strong>Behavioural Targeting </strong>&ndash; ability to use existing information gathered over a period of time to target appropriate users to improve campaign effectiveness</p>\r\n\r\n<p><strong>Bounce Rate</strong> &ndash; the rate at which a user visits and leaves a website</p>\r\n\r\n<p><strong>Call to Action</strong> (CTA) &ndash; is the particular outcome you want the user to do when they see your ad. Example: if you were selling tickets to an event, your intended outcome would be for the user to purchase a ticket so your call to action would be &lsquo;Buy Now&rsquo;</p>\r\n\r\n<p><strong>Click</strong> &ndash; when a user interacts and clicks on an ad</p>\r\n\r\n<p><strong>Click Through Rate</strong> &ndash; the percentage of users who see an ad end up clicking on it. This is determined by how many clicks an ad receives divided by the number of times the ad is shown (known as impressions)</p>\r\n\r\n<p><strong>Click Through URL</strong> &ndash; the destination website that users are directed to when they click on an ad</p>\r\n\r\n<p><strong>Conversion Rate</strong> &ndash; the percentage when users opt-in or purchase from an ad. Example: if a user clicks on your ad for an event and purchases a ticket</p>\r\n\r\n<p><strong>Cost Per Acquisition</strong> (CPA) &ndash; refers to cost associated with converting one user. Calculated by total marketing cost divided by number of new users</p>\r\n\r\n<p><strong>Cost Per Click (CPC) </strong>&ndash; the cost associated when a user clicks on an ad</p>\r\n\r\n<p><strong>Cost Per Thousand (CPM)</strong> - the cost associated per 1,000 impressions of an ad on a website</p>\r\n\r\n<p><strong>Creative</strong> &ndash; a term used when referring to the image created and shown in an ad</p>\r\n\r\n<p><strong>Flash Animation &ndash; </strong>online software that creates animation</p>\r\n\r\n<p><strong>Frequency</strong> &ndash; how often an ad is delivered to the same browser in a single timeframe</p>\r\n\r\n<p><strong>Impression</strong> &ndash; when a single ad appears on a website. The user doesn&rsquo;t need to click on the ad for it to be an impression</p>\r\n\r\n<p><strong>Inventory</strong> &ndash; the total amount of ad space available to purchase</p>\r\n\r\n<p><strong>Initial File Load</strong> &ndash; refers to the file size of an ad which is measured in KB or MB</p>\r\n\r\n<p><strong>Insertion Order (IO)</strong> &ndash; the digital contract associated with particular campaigns</p>\r\n\r\n<p><strong>KPI</strong> - key performance indicator</p>\r\n\r\n<p><strong>Landing Page</strong> &ndash; a simple website page that ads can direct a user to via a hyperlink</p>\r\n\r\n<p><strong>Native Ad</strong> &ndash; an ad that is designed to blend in with editorial content featured on the page</p>\r\n\r\n<p><strong>Optimisation</strong> &ndash; a way to measure and improve advertising performance on an ad using systematic methods. Example: changing creative, bidding or targeting</p>\r\n\r\n<p><strong>Rate Card </strong>&ndash; a list of prices compiled by publishers</p>\r\n\r\n<p><strong>Retargeting </strong>&ndash; a form of marketing allowing businesses to re-target ads to users who have previously visited a website</p>\r\n\r\n<p><strong>Rich Media</strong> &ndash; where users can interact with an ad and often include video, sound or flash animation</p>\r\n\r\n<p><strong>Run of Network (</strong>RON) &ndash; scheduling of ad placement that&rsquo;s placed across an entire network rather than specific websites. Often cheaper than specified ad placement</p>\r\n\r\n<p><strong>Run of Site (</strong>ROS) &ndash; scheduling of ad placement across an entire website rather than a specific section. Often cheaper than specific ad placement</p>\r\n\r\n<p><strong>Static Banner</strong> &ndash; a banner (ad) that has a static graphic (no moving pictures)</p>\r\n\r\n<p><strong>Tracking Pixel</strong> &ndash; a script or code that tracks activity and reports campaign activity (Example: clicks and conversions)</p>\r\n\r\n<p><strong>Quality Score</strong> (Google Adwords) &ndash; is how Google deems how relevant an ad, keywords and landing page are to the audience seeing an ad</p>\r\n\r\n<p><strong>UGC</strong> - user generated content</p>\r\n\r\n<p><strong>Unique User </strong>&ndash; a user who has visited a website or been served specific content (e.g. emails, ads) over a specific period of time</p>\r\n', 3, NULL, 'glossary-the-basics'),
(49, 22, 0, 1, 'What is Print?', '<p>We love sitting down on a Sunday morning, hot cup of coffee in one hand and a magazine or newspaper in the other. A pastime many of us indulge in and almost never consciously think about. So lets get conscious and take a look at the oldest form of mass media and how you can use it to market your business.</p>\r\n\r\n<p>The world&rsquo;s first printed magazine was &lsquo;Gentlemen&rsquo;s Magazine&rsquo; founded in 1731. I wonder what the content was all about? Hey, &lsquo;sex sells&rsquo; right? Despite its dubious beginnings, print provides its reader and advertiser with a trusted source of news and information, plus special interest material to captivate and drive action. As the most tangible form of mass media, print publications give the reader and advertiser the opportunity to physically hold an issue in their hands. Remember your Sunday mornings!</p>\r\n\r\n<p>Whether you&rsquo;re targeting a very broad readership base, such as a major national newspaper or magazine; or reaching the more targeted audience of a trade journal, local magazine or direct mail, print advertising can take many different forms. Your selection will also depend on your business goals. Are they local or national? Are they niche or for the mass population? &nbsp;</p>\r\n\r\n<p>Before you get started, it&rsquo;s important to note that print publications are great for specific transactional messaging as opposed to general brand messaging, so ensure you have a direct call to action in all of your ads to drive a clear response back to your business. &nbsp;</p>\r\n\r\n<p>So to help with your print decisions, lets take a look at its main forms and how you can use them to market your business:</p>\r\n\r\n<ul>\r\n	<li>Newspapers</li>\r\n	<li>Magazines and trade journals</li>\r\n	<li>Newsletters and direct mail (i.e. flyers)</li>\r\n</ul>\r\n', 3, NULL, 'what-is-print'),
(50, 22, 1, 1, 'Why is Print Important?', '<p>Print&rsquo;s had its fair share of bumps over the last few decades, especially with the rise of &lsquo;new media&rsquo; platforms (like Facebook and Twitter), losing its share of audience and advertising dollars across all markets.</p>\r\n\r\n<p>Digital and social media has kept print honest, making them stand up, take notice and be accountable. Print publications now have to work harder to win your dollars. Their offerings now need to give readers and you, as the advertiser, a compelling reason to choose their platform over other media.</p>\r\n\r\n<p>So lets have a look at what we do know about print and why it&rsquo;s important:</p>\r\n\r\n<ul>\r\n	<li>It can reach the masses with a daily, weekly or monthly edition (targeted at local regions or nationally)</li>\r\n	<li>Print reaches specialised markets, like magazines targeted at people renovating their home or parenting, providing great niche opportunities at great rates</li>\r\n	<li>You can target messages to the appropriate markets by running ads in the section(s) that most closely relate to your target audience</li>\r\n	<li>You can create different ads for different audiences and publications, making slight tweaks to the creative and giving it a whole new meaning</li>\r\n	<li>You can include a strong call to action message such as a website URL and/or phone number</li>\r\n	<li>Print is generally a purchased medium, so people purposely buy their favourite newspaper or magazine (you know they&rsquo;re interested and will be more engaged with your ads)</li>\r\n</ul>\r\n\r\n<ul>\r\n	<li>Print is portable, tangible and easy on the eyes (it keeps people 100% captivated and they are less likely to be distracted by other activities)</li>\r\n</ul>\r\n\r\n<p></p>\r\n\r\n<div style="background:#eee;border:1px solid #ccc;padding:5px 10px;"><strong><em>Hot Tip</em></strong><em>:</em> Know your market&rsquo;s print. Don&rsquo;t be scared to go for the lesser-known publications if they reach the right audience at the right price. Sometimes the community magazines or newspapers are a great way to get your message out there. Just make sure all the numbers add up.</div>\r\n\r\n<p></p>\r\n\r\n<p>Print advertising can do a lot more than just advertise one item or one sale. Each can work really hard to bring the right customers to your business. You don&rsquo;t need to buy full-page ads for the campaign to be effective. Frequency is important so a one-quarter or half page over a period of time is probably better than wasting your entire budget on one full-page ad.</p>\r\n\r\n<p>Lets take a look at the print advertising available to you.&nbsp;</p>\r\n', 3, NULL, 'why-is-print-important'),
(51, 22, 2, 1, 'Newspapers', '<p><strong><em>Fun Fact</em></strong><em>:</em> Did you know newspapers as we know them today were born in 1836 when a French newspaper called La Presse charged for advertising and lowered the price of its newspaper?</p>\r\n\r\n<p>In their current form, newspapers contain news, sport, entertainment, other informative articles and advertising. They&rsquo;re typically published daily or weekly and are broken into two main sections: editorial and advertising. Editorial includes the articles and stories while advertising (paid-for commercial messages like display, classified ads, inserts and advertorial) is what an account manager will try and sell you.</p>\r\n\r\n<p>&nbsp;Lets take a deeper look into the advertising options for you to market your business:</p>\r\n\r\n<p><strong>Display Ads</strong></p>\r\n\r\n<p>This is the most common form of advertising in a newspaper. Display ads range in size and price (i.e. one-quarter, half page or a full page). Sizing differs depending on the publication along with colour. They can be full colour, black and white or spot colour (e.g. black and white with a splash of red text).</p>\r\n\r\n<p><strong>Classified Ads</strong></p>\r\n\r\n<p>These ads are not as popular as they use to be and are used for personal sales such as selling a car or personal items. They&rsquo;re cheap but are becoming less effective due to websites like EBAY, Craigslist and Gumtree.</p>\r\n\r\n<p><strong>Inserts</strong></p>\r\n\r\n<p>A lot of newspapers have specialised magazines (lifestyle or travel sections) that you can advertise in. These magazines are usually glossy and you can purchase ads in similar size formats to traditional magazines. You can also purchase inserts/catalogues 100% dedicated to your business to insert into newspapers (they can be quite expensive and could get lost in a publication but are an option for you).</p>\r\n\r\n<p><strong>Advertorials</strong></p>\r\n\r\n<p>Advertorials commonly advertise new products or services and are presented like an article or story. They have more text and a design or layout similar to an article. This content needs to be highlighted as an advertisement to avoid reader confusion. It&rsquo;s a great idea to include a giveaway in these types of sections as well.</p>\r\n\r\n<p></p>\r\n\r\n<div style="background:#eee;border:1px solid #ccc;padding:5px 10px;"><strong><em>Hot Tip: </em></strong>If you want to advertise in more than one newspaper, it might be good to work with an agency or freelancer that understands print advertising to get you the best deal and placement across all publications. It can be a little tricky to get it right and understand what a great deal looks like, so enlist help if you need it. &nbsp;</div>\r\n\r\n<p></p>\r\n\r\n<p><strong>Audiences and Placement </strong></p>\r\n\r\n<p>When determining which newspapers are best for your business, here are a couple of items to consider when evaluating the ideal publications to drive your business message.</p>\r\n\r\n<p><strong>Circulation&nbsp; </strong></p>\r\n\r\n<p>This is the number of copies distributed, either on an average day or on particular days. Circulation is not necessarily the same as copies sold, as some copies of newspapers are distributed without cost. So be mindful of this and ask to see the CPM (cost per thousand<strong>) </strong>number for the ad space you&rsquo;re looking at. This will give you a better guide to value and the cost to reach a reader.</p>\r\n\r\n<p><strong>Readership </strong></p>\r\n\r\n<p>These figures may be higher than circulation figures because copies can be read by more than one person, although this is offset by the number of copies distributed but not read (especially for those distributed free). So make sure you ask for the distributed number. This will give you a better indication of how many people are potentially reading the newspaper in your market. This number will be significantly higher than the circulation figure, so be mindful of that and make sure your ad unit is priced appropriately.</p>\r\n\r\n<p>Once you&rsquo;ve selected the right newspaper, here are a few tips to help you make the most of your advertising:</p>\r\n\r\n<ul>\r\n	<li>Ask for consistent placement next to a relevant section or column</li>\r\n	<li>Ask for right-hand ad placement (they&rsquo;re seen more) and ask for the ad to run at the top of page if it&rsquo;s a smaller size (i.e. half page).</li>\r\n	<li>Frequency of advertising is important (It&rsquo;s said that one ad each week for 3-6 weeks in the same section will help drive customer action)</li>\r\n	<li>A lot of publications make committing to one ad costly (rates drop dramatically even for the smallest of contracts, so think about that before you talk to your account manager)</li>\r\n	<li>Both the daily and weekly papers have special sections (holiday, home improvement, landscaping and so on) throughout the year, so when something appropriate for your business is scheduled, ask for rates and look to advertise in that section</li>\r\n</ul>\r\n\r\n<p></p>\r\n\r\n<div style="background:#eee;border:1px solid #ccc;padding:5px 10px;"><strong><em>Hot tip</em></strong><em>:</em> If you&rsquo;re a constant spender in newspapers, hold a little bit of your budget back, closer to the printing date, and book an ad at the last minute. You&rsquo;ll get a very cheap deal. Just make sure you have your ad ready to go.&nbsp;</div>\r\n', 3, NULL, 'newspapers'),
(52, 22, 3, 1, 'Magazines', '<p>In essence, magazines are publications produced monthly, sometimes weekly (for your gossip mags like &lsquo;People&rsquo; or &lsquo;TV Guide&rsquo;). Magazines have a huge use throughout the world, with so many different magazines appealing to differing tastes. You can literally buy a magazine for everything from motoring, food or sport to arts &amp; crafts and parenting. Most interest groups are covered.</p>\r\n\r\n<p>Magazines:</p>\r\n\r\n<ul>\r\n	<li>Provide entertainment</li>\r\n	<li>Provide distractions</li>\r\n	<li>Cater for all tastes and passion points</li>\r\n	<li>Should take its reader on a journey or teach something new</li>\r\n</ul>\r\n\r\n<p>Magazines are traditionally distributed through mail, free distribution (like airline magazines) or sold at newsstands, newsagents and bookstores.</p>\r\n\r\n<p>One major advantage of magazines, especially monthly publications, is they have a much longer shelf life than newspapers and are often browsed months after sale. Think about being at the hairdressers. Ever sat at the hair salon flicking through last week&rsquo;s (or even last year&rsquo;s) news? I know I have.</p>\r\n\r\n<p>Advertising in magazines with national distribution is going to be an expensive exercise, even if you&#39;re advertising in the local sections. Sometimes you don&#39;t really need to promote your business that far and wide, so you should choose publications closely associated with your target market in your local region.</p>\r\n\r\n<p>You can also find free magazines in your local area. These publications may be suited to your budget or target market and are traditionally distributed through personal mailboxes, or in local supermarkets. Just remember, it&#39;s the audience that counts, and you can find that audience in a number of places, so don&rsquo;t discount publications until you see the readership numbers. They might be all you need to reach the right people, so do your research.</p>\r\n\r\n<p></p>\r\n\r\n<div style="background:#eee;border:1px solid #ccc;padding:5px 10px;"><strong><em>Hot tip: </em></strong>consider concentrating your advertising in a few publications where you can afford a consistent presence. You&rsquo;ll look like a major advertiser to readers and help build frequency, increasing the probability of your ad being seen.</div>\r\n\r\n<p></p>\r\n\r\n<p><strong>Audience and Placement </strong></p>\r\n\r\n<p>No matter what type of magazine you&#39;re buying, be sure to ask the following questions:</p>\r\n\r\n<ul>\r\n	<li>What&#39;s the magazine&#39;s circulation and how is it distributed?</li>\r\n	<li>How often is the magazine published?</li>\r\n	<li>Who reads the magazine (what is the target demographic)?</li>\r\n	<li>What are the special sections or themes planned for the year?</li>\r\n</ul>\r\n\r\n<p>Once you&rsquo;ve determined what publications are right for your business, the next step is to determine what placement is going to work best.</p>\r\n\r\n<p>Consider the following:</p>\r\n\r\n<ul>\r\n	<li>Concentrating your magazine budget to one or several magazines that have editorial relevant to your target market</li>\r\n	<li>Most advertisers vie for the inside front cover or back cover but a better strategy is to ask to be placed in the editorial of the cover story because most people read this story and your ad will have a greater chance of being seen (or ask for consistent placement in a particular section)</li>\r\n	<li>Much like newspapers, ask for right-hand ad placement since the ads on the right are seen more than ads on the left page</li>\r\n	<li>Negotiate pricing for ads on the magazine&rsquo;s website when you&rsquo;re buying print ads (you&rsquo;ll get a better deal)</li>\r\n</ul>\r\n\r\n<p></p>\r\n\r\n<div style="background:#eee;border:1px solid #ccc;padding:5px 10px;"><strong><em>Hot tip:</em></strong> before you buy space in any magazine, it&#39;s a good idea to see what other businesses are advertising in on a consistent basis. If the ads weren&#39;t working, they wouldn&#39;t be there, issue after issue. Also if you&rsquo;re looking at six ads or more over an extended period, you should be able to negotiate special placement along with a special price, so start negotiating!&nbsp;</div>\r\n', 3, NULL, 'magazines'),
(53, 22, 4, 1, 'Direct Marketing', '<p>Direct marketing is executed by businesses of all sizes, from the smallest start-up to leaders in each and every industry.</p>\r\n\r\n<p>A well-executed direct advertising campaign can indicate a positive return on investment by showing how many potential customers responded to a clear call to action. Direct mail is one of the most common and recognised forms of direct marketing. Direct mail campaigns are generally organised geographically and sent to all postal customers in an area, or to all customers on a list.</p>\r\n\r\n<p>Direct mail campaigns encourage good customer response rates by tailoring messages.</p>\r\n\r\n<p>Examples of direct marketing include:</p>\r\n\r\n<ul>\r\n	<li>Catalogues</li>\r\n	<li>Self-mailers (created from a single-printed sheet that has been folded)</li>\r\n	<li>Envelope mailers (inserts or flyers)</li>\r\n	<li>Postcards</li>\r\n	<li>Snap mailers (folds and seals)</li>\r\n</ul>\r\n\r\n<p>So lets have a look at what you need to think about if you&rsquo;re aiming to create a direct mail/marketing campaign.</p>\r\n\r\n<p><strong>Audience and Placement</strong></p>\r\n\r\n<p>When it comes to a direct mail campaign, you can easily create your own. Work with a designer to create the flyer, pay a friend&rsquo;s kid to walk around the local neighbourhood to do a letterbox drop, or hire a direct mail company to print, distribute and customise a database of potential customers for you to market to.</p>\r\n\r\n<p>Here a few handy tips to help you create your direct marketing campaign and find your audience:</p>\r\n\r\n<ul>\r\n	<li>A reliable and defined mailing list plus quality flyer will improve direct mail response</li>\r\n	<li>Choose a direct mail list that matches your target customers (you can buy lists of addresses in postcodes or lists of customers who have opted-in to receive offers) and find out about what lists are available at your local post office</li>\r\n	<li>From a legal standpoint, make sure you understand your responsibilities because direct mail campaigns are often responsible for holding personal information and records protected by privacy rights and regulations (so check with your local government to make sure you do the right thing)</li>\r\n	<li>Make sure you pay a professional to design your direct mail (you want it to match your brand image and have impact)</li>\r\n	<li>Keep your messages sharp and brief, and make sure you proofread it (there&rsquo;s nothing worse than seeing a typo or grammatical error in professional documents!)</li>\r\n	<li>It&rsquo;s also a great idea to provide an offer (discounts or special offers improve response rates) as long as you can afford to give the product/service away at a discounted rate</li>\r\n</ul>\r\n', 3, NULL, 'direct-marketing');
INSERT INTO `pages` (`id`, `parent_id`, `position`, `real_depth`, `title`, `content`, `package_id`, `deleted_at`, `slug`) VALUES
(54, 22, 5, 1, 'Advertising on Print', '<p>Like all forms of advertising, your print ad costs will depend on a lot of things:</p>\r\n\r\n<ul>\r\n	<li>The size of your ad</li>\r\n	<li>What publication you use</li>\r\n	<li>What sections of the paper/magazine you want</li>\r\n	<li>The frequency your ads runs</li>\r\n	<li>Whether you use colour or black and white</li>\r\n</ul>\r\n\r\n<p>You should really find the size of the ad you want and have your graphic designer create the ad so it&rsquo;s 100% how you want. If budgets are tight, you can work with the publication&rsquo;s in-house teams. This may restrict your creativity but will be a cheaper option as long as you provide them with all of your business material logos, colours and font etc.</p>\r\n\r\n<p>Here are a few tips when creating your ads:</p>\r\n\r\n<p><strong>Formatting</strong></p>\r\n\r\n<p>Format your ads for maximum response. In print, not only does size matter but shape and colour as well. Four-colour ads aren&#39;t necessarily better. Lead generation is direct-response driven, so don&#39;t spend the extra money for full-colour advertising unless it makes sense or doesn&#39;t cost more. Four-colour ads are always a wise choice if you&rsquo;re promoting a visual concept.</p>\r\n\r\n<p><strong>Be bold</strong></p>\r\n\r\n<p>No matter what publication you choose to advertise in, your message needs to be strong and eye-catching. You only have a few seconds to grab attention before readers flick to the next page. A bold graphic and strong headline will help you connect. The graphic and the headline must come together to solve a problem for the reader.</p>\r\n\r\n<p><strong>Rate Cards</strong></p>\r\n\r\n<p>Every publication you deal with has a different advertising rate card. Get to know it. It provides everything from costs to artwork specifications.</p>\r\n\r\n<p>Here are a few tips to help you negotiate your advertising with your account manager:</p>\r\n\r\n<p><strong>Calculating Costs</strong></p>\r\n\r\n<p>We&rsquo;ve touched on CPMs, but here&rsquo;s an easier way to understand how much it costs to reach readers. If the circulation is 50,000 and the rate for a full-page ad is $600, divide $600 by 50. The advertising would cost $12 to reach each thousand readers (so could be an expensive advertising option).</p>\r\n\r\n<p><strong>Upgrade</strong></p>\r\n\r\n<p>You can sometimes negotiate for special positioning in the publication: inside the front cover, on the back cover, or within the first few pages. Publications will often charge an additional percentage of the ad&#39;s cost for this type of positioning, but if you&#39;re a good negotiator, you can sometimes get it for free. Always ask for your ad to be placed in the first third, on a right-hand page.</p>\r\n\r\n<p><strong>Remember Online</strong></p>\r\n\r\n<p>Most publications also offer ads on their website, sometimes at a very reasonable rate, or even free if you&#39;re advertising in their physical publications. If this is an option for you, put your web address on your print ad and create the digital ads, using the same design as your print ad to ensure consistency.&nbsp;</p>\r\n', 3, NULL, 'advertising-on-print'),
(55, 22, 6, 1, 'Pros and Cons of Print Advertising', '', 3, NULL, 'pros-and-cons-of-print-advertising'),
(56, 23, 0, 1, 'What is Outdoor?', '<p>If you&rsquo;ve ever walked down a street, driven a car, been a passenger on public transport or walked through a supermarket, you&rsquo;ve no doubt seen some form of outdoor advertising or, as it&rsquo;s commonly known in the biz, &lsquo;out of home&rsquo; (OOH).</p>\r\n\r\n<p>OOH is ever-present, innovative, entertaining and part of people&rsquo;s everyday lives.</p>\r\n\r\n<p>Whether it&rsquo;s spotting that two-storey high 7-Eleven ad promoting the latest juicy two dollar hotdog after a big night out, or a sign for a mechanic after you&rsquo;ve broken down on the highway, they&rsquo;re all strategically placed and designed to grab your attention.</p>\r\n\r\n<p>Displayed widely and to a large audience, OOH can be focused and connect with a targeted audience, based on locations, specific routes of public transport or local shopping centres.</p>\r\n\r\n<p>Traditionally OOH advertising is there to create impact and drive awareness. Messaging needs to be simple and clear to gain the attention of your customers as they go about their daily lives.</p>\r\n\r\n<p>So let&rsquo;s take a look at the main forms of OOH and how they can be used in your marketing mix. &nbsp;&nbsp;</p>\r\n', 3, NULL, 'what-is-outdoor'),
(57, 23, 1, 1, 'Why is Outdoor Important?', '<p>OOH is everywhere but the question is, does anyone really see it?</p>\r\n\r\n<p>As you&rsquo;re riding the bus, walking in a supermarket or driving down the highway, you&rsquo;re being targeted with subliminal messages, mostly by the big brands trying to coerce you into buying their product.&nbsp;</p>\r\n\r\n<p>With the evolution of technology, OOH has developed different options: static, scrolling or in digital advertising formats. Your account manager can take you through the options suitable to your business and budget.</p>\r\n\r\n<p>We know outdoor, whether it be billboards, transit or retail can:</p>\r\n\r\n<ul>\r\n	<li>Make an impact in the subconscious mind of passers-by, drivers and passengers (everyone who uses the location of your ads)</li>\r\n	<li>Allow you to instantly connect with your prospective customers</li>\r\n	<li>Provide a great visual opportunity to showcase and highlight your business</li>\r\n</ul>\r\n\r\n<p>Don&rsquo;t clutter your OOH. Usually bold text, clear images and one slogan are enough to drive awareness and grab attention. Think about lots of space&mdash;don&rsquo;t try to fill the space for the sake of it. Convey a message in an entertaining or clever way as opposed to a crowded message with multiple fonts and colours. Less is definitely more in this form of advertising.</p>\r\n\r\n<p>OOH is effective because it:</p>\r\n\r\n<ul>\r\n	<li>Raises awareness by either reaching the masses (the more highly prominent locations, taxis or buses the better) or targeting specific audiences with a few tactical, well-positioned ads in a small area</li>\r\n	<li>Doesn&rsquo;t require people to do anything to access it</li>\r\n	<li>Is less intrusive and placed in locations where there&rsquo;s a captive audience (like public transport) and can even be seen as a welcome distraction</li>\r\n	<li>Reaches people in shopping mode (a campaign can prompt shoppers to buy products there and then)</li>\r\n</ul>\r\n\r\n<p>OOH is ideal for small businesses because you can target geographically. A Chinese restaurant off a main street can advertise at a bus stop directing people to their restaurant. Or a small law firm can advertise on a bus stop outside a police station (oh, the irony!). You can target the right audience when and where they might need your products or services.</p>\r\n\r\n<p>Keeping the above in mind, OOH can do a lot for a business&rsquo; recognition and awareness, however it&rsquo;s not great at driving a clear call to action. So if OOH is something you&rsquo;re looking at, be sure to pair it with other media or marketing activities that drive customers directly to your business (channels like radio or Facebook).</p>\r\n\r\n<p>Lets take a look at the OOH available to you.&nbsp;</p>\r\n', 3, NULL, 'why-is-outdoor-important'),
(58, 23, 2, 1, 'Billboards', '<p>A good Billboard demands attention. It needs to! Billboards are generally positioned along a highway or main road so you’ve got just a few seconds to grab the reader’s attention, and you want to ensure they’re still thinking about you long after they’ve driven past. </p>\r\n\r\n<p>According to Forbes, roughly 20 hours a week is spent driving in our cars. That’s a lot of time! For most of this time, we’re exposed to billboards, so please don’t slap a billboard ad up for the sake of doing it. Ensuring time and effort goes into creating your billboard is key. It needs to be more than just an informational pitch.</p>\r\n\r\n<p>Billboards should be punchy, catchy and easily readable in a very short time. When creating your billboards, use only a few words in large print, and a humorous or striking image in brilliant colour. Create something that is unique and eye-catching.</p>\r\n\r\n<p>If you do that, you will be astounded how many more people will recognise your brand and start searching for what you have to offer.</p>\r\n\r\n<p>Here are some examples of the good and the ‘not so’ good billboards:</p>\r\n\r\n<p>When determining if billboards are right for your business, it’s good to have a think about their placement. This is perhaps one of the most important decisions. Your placement will influence who sees it, how many people see it, and when it’s seen.</p>\r\n\r\n<p>To help find your best locations, we suggest you jump in your car and drive around your neighbourhood or city. If you find boards and locations you like, check out the fine print at the bottom. Generally they’ll have the name of the business that manages the billboard. You can then get in contact with them directly to discuss your options.</p>\r\n\r\n<p>Here are a few tips to help you make the most of your billboards:</p>\r\n\r\n<p><strong>Near Schools</strong></p>\r\n\r\n<p>Not only students but parents travel to school twice each day, so if your product/service is aimed at this market, this could be the right placement for you.</p>\r\n\r\n<p><strong>Near Office Buildings</strong></p>\r\n\r\n<p>Update customers with the latest info on products and services they typically use. These locations are perfect for more luxury items or products geared to making everyday life easier. Not only will this location attract the office workers but their clients and visitors as well.</p>\r\n\r\n<p><strong>Just off the Highway/Freeway </strong></p>\r\n\r\n<p>These locations ensure a wide range of people will see you. If you have a smaller business that is directed at a group of people living in a more rural area, you may take advantage of the rural route, or a local suburb where your target audience lives.</p>\r\n\r\n<p><strong><em>Hot tip</em></strong><strong>s:</strong></p>\r\n\r\n<p>If you want to know how many people drive the route of your chosen billboard, you can contact the Department of Transportation in your area and they''ll tell you how many cars travel on the roads on any given day (if you don’t believe your account manager of course).</p>\r\n\r\n<p>Contact the billboard companies six months to a year in advance of the time you want your ad to go up. Many of the best locations are purchased on long-term contracts and only become available once or twice a year. So make sure you plan your approach, understand the availability and what product you want to market.</p>\r\n', 3, NULL, 'billboards'),
(59, 23, 3, 1, 'Transit', '<p>Bet you didn&rsquo;t know there were so many ways advertising can reach you when you&rsquo;re out on the road. Not only are you making sure a bus or taxi doesn&rsquo;t hit you as you cross the road, but you&rsquo;re also subconsciously being exposed to a host of various products and services.</p>\r\n\r\n<p>Transit is advertising placed on anything that moves, including static (like a painted logo) or electronic advertising at bus stations or train platforms. Advertising appears on the exterior or interior of public transport or stations including: buses, trains, trams, taxis, commuter rail, subways, platforms, terminals and airports.</p>\r\n\r\n<p>All transit advertising aims to highlight products, whether for brand awareness or a targeted message in areas where people work, shop or play.</p>\r\n\r\n<p>Lets take a look at advertising options for you across transit services. We&rsquo;d suggest all advertising to run no less than 4-8 weeks to have real impact in your local market.&nbsp;</p>\r\n\r\n<p><strong>Buses, Trains and Trams </strong></p>\r\n\r\n<p>There are several different advertising options available for buses, trams and trains on the interior and exterior of each service. Different options include: the entrance or exit areas, behind the driver, the sides, the back, or you could even look at wrapping the whole bus/train/tram.</p>\r\n\r\n<p>Public transport can be pretty boring, so tailoring a unique and creative message will make you stand out for all of the right reasons. So make sure your graphic designer has the creative flare to make something that captures commuters&rsquo; attention and the wraps or signage work across each surface of the vehicle<strong>. </strong></p>\r\n\r\n<p><strong>Taxis</strong></p>\r\n\r\n<p>For taxis you can completely wrap the car or purchase taxi tops or backs. The tops and backs are slotted into special guide fittings attached to the taxi (see McDonalds example below).</p>\r\n\r\n<p>Depending on your market, there may be additional options for you to purchase, so have a chat to your account manager.<!--![endif]----><!--[endif]----></p>\r\n\r\n<p><strong>Bus Terminals, Train Stations and Airports</strong></p>\r\n\r\n<p>Bus terminals, train stations and airports are popular options for advertising due to consistent flow of foot traffic. If your product has mass appeal and is not just geared for a specific demographic, then these public areas are a great option. You&rsquo;ll want to do your research before you come up with the design, as these locations can have a waiting list. That&rsquo;s a testament to how well they work.</p>\r\n\r\n<p></p>\r\n\r\n<div style="background:#eee;border:1px solid #ccc;padding:5px 10px;"><strong><em>Hot tip: </em></strong>&nbsp;You can also wrap your own company car in advertising for your business. Have a graphic designer design the wrap, turning your vehicle into a mobile billboard for your business. Just make sure you remember the road rules&mdash;you don&rsquo;t want to be caught cutting people off or driving through red lights if you&rsquo;re in your own branded vehicle!</div>\r\n\r\n<p><!--![endif]----><!--![endif]----></p>\r\n', 3, NULL, 'transit'),
(60, 23, 4, 1, 'Retail', '<p>Retail refers to advertising in retail spaces.</p>\r\n\r\n<p>Retail spaces include:</p>\r\n\r\n<ul>\r\n	<li>Shopping centres, supermarkets and department stores</li>\r\n	<li>Universities</li>\r\n	<li>Office tower foyers</li>\r\n</ul>\r\n\r\n<p>These spaces are great to target customers when they&rsquo;re in specific moods. Customers see these ads when they&rsquo;re in a mindset that&rsquo;s comfortable, familiar and when they&rsquo;re about to spend or learn. From supermarkets to department stores, homemaker centres, finance to fashion, Telco&rsquo;s to pharmacies; you can identify locations to target specific demographics applicable to your business.</p>\r\n\r\n<p>Traditionally this form of advertising is either static or electronic and can be placed on walls, elevators, escalators, and even in walkways, all designed to capture attention.<br />\r\n<!--![endif]----><!--[endif]----></p>\r\n\r\n<p>In addition to static or electronic forms of advertising, there&rsquo;s also an opportunity for you to set up specifically designed &lsquo;managed stands&rsquo; or &lsquo;pop-up&rsquo; retail spaces encouraging people to try your product or service.</p>\r\n\r\n<p>You&rsquo;ve no doubt been asked at the supermarket to try the latest chips by your favourite snack brand, or given a two-for-one voucher to try a new product on the shelf. This is a form of advertising you can purchase to encourage people to touch and feel what you&rsquo;re selling.</p>\r\n\r\n<p>Typically they&rsquo;re not cheap options (given the cost of retail space, design, build and staffing) but they can create great impact for brands and new product launches. There are businesses that can help do all of this for you too. They&#39;re&nbsp;called brand | activation agencies or you can head straight to&nbsp;centre management in your local shopping centre to discuss options with them directly.</p>\r\n\r\n<p><!--![endif]----></p>\r\n', 3, NULL, 'retail'),
(61, 23, 5, 1, 'Advertising on Outdoor', '<p><strong>Creating Your Outdoor Advertising</strong></p>\r\n\r\n<p>It&rsquo;s important to think about how much time people have to view your ad. A billboard only has seconds to convey its message, while other sites, such as train station platforms, buses and taxis, may be studied for longer. Distance is also a factor. Roadside posters need to be simple, with clear images and as few words as possible.</p>\r\n\r\n<p>Advertisements seen for longer allow you to convey more information. For example, a specific promotion, a call to action and contact details may be included. However, a simple message (your slogan or brand message communicated with no more than eight words) and a clear identity are always essential. It&rsquo;s also good to use a picture of a person as people are drawn to eyes<strong>. </strong>Colours should be bold and should be easily visible from a distance. Humour, strong images and wordplay will make an impact, making your message stand out in people&rsquo;s minds.</p>\r\n\r\n<p><strong>Outdoor Advertising Placement</strong></p>\r\n\r\n<p>Most outdoor advertising is planned and bought via specialist agencies, although it is possible to deal directly with the owner of the advertising space. The key consideration in choosing a site is audience measurement, or reach.</p>\r\n\r\n<p>When choosing your sites, ask about audience measurement. A good contractor will be able to tell you how many people see the site and what type of people pass by and what routes are best for you. So make sure you know who you want reach and where/how they travel. Make your money work hard for you!</p>\r\n\r\n<p></p>\r\n\r\n<div style="background:#eee;border:1px solid #ccc;padding:5px 10px;"><strong><em>Hot tip: </em></strong>Don&#39;t forget to make the best use of your own building if you have one. Good signage is essential. As mentioned earlier, it&rsquo;s also worth signwriting your company car or van. Vehicle advertising is highly visible and can also carry your contact details, so make sure you invest in a good graphic designer and signage company to make it look amazing. To find out more about branding your business, check out our &lsquo;<strong>Brand It:&rsquo; Defining and Presenting Your Business </strong>Method (HYPERLINK TO BRAND IT PACKAGE)</div>\r\n', 3, NULL, 'advertising-on-outdoor'),
(62, 23, 6, 1, 'Pros and Cons of Outdoor Advertising', '<p><strong>PROS&nbsp;of Outdoor Advertising</strong></p>\r\n\r\n<ul>\r\n	<li>Huge and eye-catching with photographic information for a strong visual effect</li>\r\n	<li>You have exclusivity in your space</li>\r\n	<li>High target reach and frequency of audience (outdoor advertising is placed on public transport, highways and busy streets, so you&#39;ll be guaranteed that people will see it)</li>\r\n	<li>You can select your target by venue or route of demographic interest, creating flexibility. You can place your outdoor advertisement wherever you feel it will have the most impact. Many people travel the same route repeatedly so this means that people will see your advertising regularly, which makes it more likely to stick in their minds.</li>\r\n	<li>Reinforce messages brought to the consumer with other forms of media (e.g. TV, radio or digital)</li>\r\n	<li>Great for creating brand awareness because outdoor advertising works better for overall business and brand advertising than it does for temporary specials and sales, so if sales is what you&rsquo;re chasing, you won&rsquo;t hear the cash registers ringing instantly (it&rsquo;s more about driving your brand&rsquo;s awareness in the markets you place your advertising)</li>\r\n</ul>\r\n\r\n<p></p>\r\n\r\n<p><strong>CONS of outdoor advertising</strong></p>\r\n\r\n<ul>\r\n	<li>Almost impossible to focus on a specific target market like you can with digital advertising (it&rsquo;s hard to determine conversion and whether people actually pay attention to the ad)</li>\r\n	<li>High cost of both the space and the production of your advertising, working with designers and production teams</li>\r\n	<li>Messages must be brief (this means you&#39;ll need to keep your messages short and to the point)</li>\r\n	<li>No feedback, and risk of vandalism, weather conditions and general wear and tear</li>\r\n	<li>Visibility issues&mdash;make sure all ads are visible (i.e. no buildings or trees in the front of your advertising)</li>\r\n	<li>Transit companies often force businesses to enter into contracts that involve long-term commitments, mainly because it takes a lot of time, energy and money to constantly change ads</li>\r\n	<li>Billboard advertising is not ideal for temporary specials and sales (works better for overall business and brand advertising)</li>\r\n</ul>\r\n\r\n<p></p>\r\n', 3, NULL, 'pros-and-cons-of-outdoor-advertising'),
(63, NULL, 7, 0, 'Brand It', '<p>The brand it content! :)</p>\r\n', 4, NULL, 'brand-it'),
(65, 63, 0, 1, 'Introduction', '<p>Congratulations! You&rsquo;re going into business. So lets start creating your brand. Who the hell are you?</p>\r\n\r\n<p>We&rsquo;re sure you have your business plan (if not click here to<strong> learn about our &lsquo;Make it Happen&rsquo; package</strong>) INSERT OUT MAKE IT HAPPEN PACKAGE LINK), you know what you&rsquo;re selling, who you&rsquo;re selling it to and where. It&rsquo;s now time to create your brand. The fun stuff!</p>\r\n\r\n<p>Your brand is your most important asset. It&rsquo;s unique to you and is a combination of your story, your skills and your style. It&rsquo;s almost like your business&rsquo; fingerprint. It&rsquo;s generally the first thing people see of your business, so it needs to stand out.</p>\r\n\r\n<p>Good business branding represents the promises you make to your customers and what they can expect from you. Consistency is key and will deliver:</p>\r\n\r\n<ul>\r\n	<li>\r\n	<p>Increased brand awareness, recognition and recall</p>\r\n	</li>\r\n	<li>\r\n	<p>Sales or purchases, and ultimately;</p>\r\n	</li>\r\n	<li>\r\n	<p>Customer loyalty</p>\r\n	</li>\r\n</ul>\r\n\r\n<p>Introduce us&hellip;</p>\r\n', 4, NULL, 'introduction'),
(66, 63, 1, 1, 'Getting Started', '<p>So, where do you start?</p>\r\n\r\n<p>We recommend writing down five adjectives describing your business. What does your business stand for? Is it quirky with a sense of fun? Is it luxurious or even a little posh? Maybe it&rsquo;s raw, earthy and wild. Understanding the fundamental elements of your business and what you stand for helps define your overall personality.</p>\r\n\r\n<p>Your brand identity is your niche position. It differentiates you from your competitors. It&rsquo;s how you&rsquo;re perceived in market and guides your interaction with your customers. People generally connect with a story, so make sure your story is a great one. A best seller even!</p>\r\n\r\n<p>Carefully plan and coordinate your efforts so all your business and marketing materials look and feel the same. You want clear direction.</p>\r\n\r\n<p>So lets start setting the groundwork.</p>\r\n\r\n<p><strong>The groundwork</strong></p>\r\n\r\n<p>Before creating your award-winning business, here are a few questions to ask yourself:</p>\r\n\r\n<ul>\r\n	<li>\r\n	<p>What makes you unique?</p>\r\n	</li>\r\n	<li>\r\n	<p>What are the benefits you provide?</p>\r\n	</li>\r\n	<li>\r\n	<p>What are your key brand values (maybe they&rsquo;re fun, trustworthy or intelligent)?</p>\r\n	</li>\r\n	<li>\r\n	<p>Who&rsquo;s your ideal customer (describe traits, profiles and purchasing habits)?</p>\r\n	</li>\r\n	<li>\r\n	<p>Who are your three main competitors, what do they offer and what is their brand style?</p>\r\n	</li>\r\n</ul>\r\n\r\n<p>Lastly, think about your brand&rsquo;s vision and its future goals. This will keep you on track, ensuring you stay true to yourself. There&lsquo;s no room for imitators or copycats.</p>\r\n', 4, NULL, 'getting-started'),
(67, 63, 2, 1, 'It''s All In The Name', '<p>Apple&rsquo; for a tech company? &lsquo;Virgin&rsquo; for an airline? &lsquo;Starbucks&rsquo; for a coffee chain? What the?</p>\r\n\r\n<p>While they may have seemed odd choices at the time, they&rsquo;re now deeply entrenched in people&rsquo;s minds. You can&rsquo;t imagine a world without them and what they&rsquo;re trying to sell us.</p>\r\n\r\n<p>What appear to be random choices are, in reality, calculated and savvy. For Steve Jobs, apples (the actual fruit) seemed &lsquo;fun, spirited and not intimidating.&rsquo; The company continues to nurture those values today.</p>\r\n\r\n<p>Deciding on your business name will help guide the direction of every other element of your brand, so your business name needs to be the title of your best selling story. A business name is the heart and soul of your brand.</p>\r\n\r\n<p>It needs to represent you but should also:</p>\r\n\r\n<ul>\r\n	<li>\r\n	<p>Have meaning</p>\r\n	</li>\r\n	<li>\r\n	<p>Convey your industry expertise and experience</p>\r\n	</li>\r\n	<li>\r\n	<p>Highlight your uniqueness</p>\r\n	</li>\r\n</ul>\r\n\r\n<p>No pressure right?</p>\r\n\r\n<p>Lets have a quick look at how our name, &lsquo;GetJackD! Method&rsquo; came to life.</p>\r\n\r\n<p>Firstly, we&rsquo;re a family business, so we wanted to represent that in our name. We started with the first letter of each of our names, J.A.C.K, a little too simple and boring right? We work in an exciting industry so wanted to avoid the &lsquo;boring&rsquo; and &lsquo;clich&eacute;,&rsquo; so to funk it up, we put &lsquo;Get&rsquo; in front and changed the spelling. Suddenly our name had meaning. It had purpose and it stood out.</p>\r\n\r\n<p>It&rsquo;s exactly how we wanted our brand to be positioned: young, edgy, no bullsh** but with meaning.</p>\r\n\r\n<p>At first we thought our name was a little too brash, but thankfully people responded positively. We realised we&rsquo;d chosen a name that communicated our brand &lsquo;story&rsquo;.</p>\r\n\r\n<p>Here are a few tips to consider when dreaming up your business name (remember, purpose and storytelling are key):</p>\r\n\r\n<ul>\r\n	<li>\r\n	<p>It needs to have meaning and represent you as a business</p>\r\n	</li>\r\n	<li>\r\n	<p>It should sound great when you say it out loud</p>\r\n	</li>\r\n	<li>\r\n	<p>Seek expert guidance</p>\r\n	</li>\r\n	<li>\r\n	<p>Don&rsquo;t be boring&mdash;let your creativity out!</p>\r\n	</li>\r\n	<li>\r\n	<p>Don&rsquo;t choose something too long or confusing (you need people to recognise it)</p>\r\n	</li>\r\n	<li>\r\n	<p>Test your name by doing a bit of online research for similar names (a trademark search will also help) and if your name or a version of it is taken, think twice</p>\r\n	</li>\r\n	<li>\r\n	<p>Look to test your name on Google Adwords to find keywords or similar search phrases, and it will help you with your digital marketing down the track (to <strong>find out more about digital marketing, check out our &lsquo;</strong><strong>Plan It and Shout It:&rsquo; Media Planning and Channel Development</strong> method) (INSERT LINK)</p>\r\n	</li>\r\n	<li>\r\n	<p>Also look at trademarking your name (a lawyer can help you with this)</p>\r\n	</li>\r\n</ul>\r\n', 4, NULL, 'it-s-all-in-the-name'),
(68, 63, 3, 1, 'Graphic Designer', '<p>One of our most important recommendations is to employ an amazing graphic designer.</p>\r\n\r\n<p>While you might consider yourself a wiz in Paint or handy in Photoshop, this is one step in building your brand that definitely requires a true professional. There&rsquo;s nothing worse than seeing a pixelated or poorly executed logo, image or website. It will set the tone for your whole business.</p>\r\n\r\n<p>Do your research and find a graphic designer that fits you, your brand and budget. Go in with a plan. Include general direction and theming ideas and your designer should be able to refine your vision, point you in the right direction and give you insights or new ideas. Once the creative direction is set and all designs have been created, they&rsquo;ll be able to build all required assets to ensure they&rsquo;re in the correct formats; JPEG, AI, PNG, EPS and so on.</p>\r\n\r\n<p>Start looking for designers now. Ask for recommendations and do your research. It will set your business direction, so make sure you find someone that&rsquo;s a perfect fit.</p>\r\n', 4, NULL, 'graphic-designer'),
(69, 63, 4, 1, 'Colours, Font and Imagery', '<p>When thinking about your brand, there are generally three elements to consider; colour, fonts and imagery.</p>\r\n\r\n<p>Lets take a closer look:</p>\r\n\r\n<h2><strong>Colours</strong></h2>\r\n\r\n<p>Your colour choice is one of the most important considerations when defining your brand.</p>\r\n\r\n<p>Science and psychology tell us that people instantly react to colours, extracting different emotions from each. The colour red, for example, portrays energy, danger and excitement (think: <a href="http://www.redbull.com/au/en" target="_blank">Red Bull</a>). Green symbolises nature, growth and honesty (think: <a href="http://www.animalplanet.com/" target="_blank">Animal Planet</a>). Both logos symbolise their unique brand. They each portray the brand&rsquo;s personality, are instantly recognisable and convey the brand&rsquo;s story.</p>\r\n\r\n<p>Colours play a key role in people&rsquo;s minds. They leave an instant impression on potential customers and help with memory retention. Just remember (pun intended): colours not only create different emotions, they can also have different meanings, especially when culture is concerned. For example, the colour white is a symbol of innocence and purity in many western cultures but in Asian countries white symbolises death. So keep this in mind when choosing your colours.</p>\r\n\r\n<p>We recommend using one primary colour in your logo and continue it throughout your brand story. Once this colour is nailed, you can then compliment it, incorporating tertiary colours. Just remember to keep everything consistent. Check out the <a href="http://www.pantone.com/" target="_blank">Pantone Matching System</a> (PMS) to get your creative juices flowing. It&rsquo;s a great way to start looking into colour palettes that float your boat.</p>\r\n\r\n<p>A <strong>hot tip</strong> is to steer clear of your competitor&rsquo;s colour palette. You want to make sure you differentiate yourself at all times. Using the same/similar colour schemes could cause confusion and create unwanted comparison.</p>\r\n\r\n<h2><strong>Typeface/Font</strong></h2>\r\n\r\n<p>There are two basic &lsquo;font families&rsquo;: Serif and Sans Serif. We don&rsquo;t want to bore you with the details but; &lsquo;Serif&rsquo; is your more traditional font style and &lsquo;Sans Serif&rsquo; has a contemporary feel. Here are a couple of examples:</p>\r\n\r\n<ul>\r\n	<li>\r\n	<p>Serif font styles: &lsquo;Times New Roman&rsquo; and &lsquo;Courier New&rsquo;</p>\r\n	</li>\r\n	<li>\r\n	<p>Sans Serif font styles: &lsquo;Helvetica&rsquo; and &lsquo;Verdana&rsquo;</p>\r\n	</li>\r\n</ul>\r\n\r\n<p>Different fonts will work for different businesses, so knowing and understanding your business will help you in determining your fonts. If your business is &lsquo;traditional&rsquo;, such as an accountant or lawyer, you may opt to keep your fonts in a Serif font style. If your business has more creative flare like a designer or photographer, you may want to experiment with the Sans Serif fonts. Have a play around. There&rsquo;s no hard or fast rule. There are millions of fonts, so one will fit your business and style perfectly.</p>\r\n\r\n<p>Similar to colours, font styles can also invoke emotion, showcase your personality and add a bit of fun, creativity or professional feel. One of the beautiful (and fun!) parts of creating your business is choosing a font suited to you and your business. Just make sure it can be easily read.</p>\r\n\r\n<p>We recommend keeping the number of fonts you use to a minimum. A couple of great fonts across all your business marketing will have more impact than choosing too many that confuse your ultimate brand story.</p>\r\n\r\n<p>Specialised websites can help you to test fonts, so we encourage you to experiment. Some are even royalty free, so you can download and use them without having to pay a cent. Just check the terms of payment and use. To get started on font styles, a great website to check out is <a href="http://www.dafont.com/" target="_blank">Da Font</a>.</p>\r\n\r\n<h2><strong>IMAGERY AND GRAPHICS</strong></h2>\r\n\r\n<p>&lsquo;A picture can paint a thousand words&rsquo; so why write 1000 words when one image can convey a message or tell your story?</p>\r\n\r\n<p>It&rsquo;s well known; people react to strong imagery, so it&rsquo;s important to choose images that not only work for your business but also appeal to your target audience. Just make sure your images and graphics have a purpose. There&rsquo;s no point using images simply for the sake of it. They need to have purpose and portray your business in the right way.</p>\r\n\r\n<p>Each image or graphic needs to represent &lsquo;you&rsquo; and should be used across all your businesses assets, like your website, newsletters and social channels. They must have a common theme. You might not use them across every element of your business, but there should be a common thread.</p>\r\n\r\n<p>At GetJackD! Method we&rsquo;ve chosen retro, kids in inspirational positions (see below). It sets our tone and shows our quirky side, tapping into our youthful target.</p>\r\n\r\n<blockquote>\r\n<p>INSERT OUR IMAGES (located in dropbox folder)</p>\r\n</blockquote>\r\n\r\n<p>It&rsquo;s your turn to start scouring the world for your amazing images.</p>\r\n\r\n<p>Here are a few things to think about:</p>\r\n\r\n<ul>\r\n	<li>\r\n	<p>What kind of images do you want people to see when they look at your business?</p>\r\n	</li>\r\n	<li>\r\n	<p>Consider your style of business (do you want a retro style; a polished, contemporary style; or a more traditional look and feel?)</p>\r\n	</li>\r\n	<li>\r\n	<p>Will your images be photographic or illustrations?</p>\r\n	</li>\r\n	<li>\r\n	<p>Would you like to incorporate charts, graphs, infographics or typography?</p>\r\n	</li>\r\n	<li>\r\n	<p>Will you be using black and white, colour or a combination of both?</p>\r\n	</li>\r\n</ul>\r\n\r\n<p>There are a heap of stock image sites where you can purchase images. If you think you&rsquo;ll need a large amount of images, it may be best to purchase a subscription. If you&rsquo;re just after a few key ones, you can purchase them individually.</p>\r\n\r\n<p>Make sure you do your research when choosing your stock images. You don&rsquo;t want to look like everyone else, so if you see an image that&rsquo;s already being used, best to avoid it. Another option may be to take your own or get a professional photographer to take a series for you. Always do what&rsquo;s best for your brand and budget. Quality is key.</p>\r\n\r\n<p></p>\r\n\r\n<div style="background:#eee;border:1px solid #ccc;padding:5px 10px;"><strong>Hot tip:</strong> never infringe copyright. Without the proper permissions, you could associate an image with your brand, only to be forced to remove it. Imagine having to change your logo!</div>\r\n\r\n<p></p>\r\n\r\n<p>For stock images, great sites to start looking at are:</p>\r\n\r\n<ul>\r\n	<li>\r\n	<p><a href="http://www.istockphoto.com/" target="_blank">iStock</a></p>\r\n	</li>\r\n	<li>\r\n	<p><a href="http://gettyimages.com/" target="_blank">Getty Images</a></p>\r\n	</li>\r\n	<li>\r\n	<p><a href="http://www.shutterstock.com/" target="_blank">Shutterstock</a></p>\r\n	</li>\r\n</ul>\r\n\r\n<p>When looking to purchase or create your images, make sure:</p>\r\n\r\n<ul>\r\n	<li>\r\n	<p>All images are high quality (high resolution)</p>\r\n	</li>\r\n	<li>\r\n	<p>You are creative (choose unique images that will stand out)</p>\r\n	</li>\r\n	<li>\r\n	<p>Images invoke emotion and instantly tell your story</p>\r\n	</li>\r\n	<li>\r\n	<p>Text is incorporated (this can help with your story or add a point of difference)</p>\r\n	</li>\r\n	<li>\r\n	<p>Images with people are used (these work really well by drawing the viewer in)</p>\r\n	</li>\r\n</ul>\r\n\r\n<div style="background:#eee;border:1px solid #ccc;padding:5px 10px;"><strong>Hot tip: </strong>Make sure you check the fine print under each image. Some sites don&rsquo;t allow their images to be used for commercial use, only for editorial, so you could only use them to support a blog you&rsquo;ve written. Make sure you check, so you don&rsquo;t get caught out.</div>\r\n', 4, NULL, 'colours-font-and-imagery'),
(70, 63, 5, 1, 'Logo Design', '<p>Logos are instantly recognisable (or at least, they should be). They’re plastered across your website, company cars, emails, product packaging, social pages and all other marketing material.</p>\n\n<p>Your logo and business name are the first thing people see and judge. Can you name these businesses?</p>\n\n<p>I bet you can. They’re instantly recognisable. They stand out, they tell a story and they represent each brand. A strong logo is an important part of your brand and should be the visual synonym of your company’s name.</p>\n\n<p>Your logo is unique to you. It should be memorable, enduring and showcase your company’s personality. It should be easily defined by your customer, represent your brand’s ideologies and stand the test of time. You don’t want to chop and change because you’re not happy with it in a year’s time. However, we do understand as businesses evolve and grow, tweaks and changes to certain assets may be needed. We just recommend you don’t make extreme changes and become unrecognisable. People need to instantly associate the logo with the business it represents, so be consistent.</p>\n\n<p><strong>Here’s an example:</strong> the Google logo. If you want to know the lyrics of your favourite song or search for the nearest Thai restaurant in your neighbourhood, you head to google.com and start searching. When the page loads, the first thing you see is the Google logo. The multi-coloured letters are instantly recognisable. So when Google recently changed their logo, their changes were subtle. You can see they mainly changed the font but everything else remained the same, making sure the logo everyone knows is still there.</p>\n\n<p><img alt="google-logo.jpg" src="http://dev.getjackdmethod.local/files/Brand_It_images/google-logo.jpg" /></p>\n\n<p>You get the point. Once your logo is established, people instantly relate it to your business; so don’t undo all of your great work by making drastic changes.</p>\n\n<h3><strong>Logo colour</strong></h3>\n\n<p>Your logo colour should come from your selected business colour scheme.</p>\n\n<p>Often businesses will create variations of their logo alternating different colours from their overall colour scheme. This is a great way to shake things up a little without having to completely veer away from your overall theming. For GetJackD! Method, our colour scheme is grey, blue and black so we’ve made a logo using each of these colours and can alternate as needed. But again, best to make these changes subtle.</p>\n\n<h3><strong>Logo typography or font</strong></h3>\n\n<p>Choosing the typography or font for your logo is extremely important, so try to keep it simple. If you make it too ‘trendy’ you may find it dates quickly or is difficult to read.</p>\n\n<p>You can create your own typeface or font, or choose an existing one that fits your brand. There are a lot of options out there with each having their own set of pros and cons. If you choose an existing typeface or font, it can be used and copied, but if you create your own, it’s yours and can’t be replicated. Weigh up your options and choose what’s best for you and your budget.</p>\n\n<p>Some tips to get started on your logo:</p>\n\n<ul><li>\n	<p>Know your brand (logos need to represent it well)</p>\n	</li>\n	<li>\n	<p>Do your research to see what else is out there (it’ll provide inspiration)</p>\n	</li>\n	<li>\n	<p>Test your market (what do they like to see?)</p>\n	</li>\n	<li>\n	<p>Start drawing and watch your logo evolve (keep your old drawings too—they’ll be funny!)</p>\n	</li>\n	<li>\n	<p>Avoid clichés, and be unique (steer away from obvious clichés like ‘light bulbs for ideas’)</p>\n	</li>\n	<li>\n	<p>Don’t copy or imitate others (use them as inspiration not imitation)</p>\n	</li>\n</ul>\n\n<p>To get your creative juices flowing there are some great sites to help get you started. They’re cheap and provide a quick turn around, but we still recommend engaging a graphic designer. This is your story, remember.</p>\n\n<ul><li>\n	<p><a href="https://www.fiverr.com/">Fiverr</a></p>\n	</li>\n	<li>\n	<p><a href="http://www.logogarden.com/">Logo Garden</a></p>\n	</li>\n	<li>\n	<p><a href="http://www.freelogoservices.com/">Free Logo Services</a></p>\n	</li>\n</ul>\n\n<ul><li>\n	<p><a href="http://www.logogala.com/">Logo Gala</a></p>\n	</li>\n</ul>\n\n<ul><li>\n	<p><a href="http://www.logomoose.com/">Logo Moose</a></p>\n	</li>\n	<li>\n	<p><a href="https://dribbble.com/">Dribble</a></p>\n	</li>\n</ul>', 4, NULL, 'logo-design'),
(71, 63, 6, 1, 'Style Guide', '<p>Every company, large or small should have a style/brand guide: a simple document housing all guidelines and standards on who, when, where and why your branding elements can be used. Think of it as your &lsquo;style bible&rsquo;.</p>\r\n\r\n<p>This guide will ensure you and others you work with remain consistent and true to your brand. Your style guide should be provided to your staff and any external suppliers who use your branding (signage companies, partners, web developers, designers etc.).</p>\r\n\r\n<p>You should include the following elements in your style guide:</p>\r\n\r\n<ul>\r\n	<li>\r\n	<p>Logos and how they should be displayed, including sizing and spacing; as well as examples of how they shouldn&rsquo;t look</p>\r\n	</li>\r\n	<li>\r\n	<p>Colours (include each colour you&rsquo;d like to use including back and white)</p>\r\n	</li>\r\n	<li>\r\n	<p>Preferred font choice and sizing options for elements such as headings and the text body</p>\r\n	</li>\r\n	<li>\r\n	<p>Imagery you&rsquo;ve approved to use across all design</p>\r\n	</li>\r\n	<li>\r\n	<p>The type of language you&rsquo;d like used in any copywriting</p>\r\n	</li>\r\n</ul>\r\n\r\n<p>Your graphic designer should provide you with an editable PDF document with all logos, images, fonts and guidelines along with folders with all of your assets. So make sure you have everything you need. <strong> </strong></p>\r\n', 4, NULL, 'style-guide'),
(72, 63, 7, 1, 'Tagline and Slogan', '<p>Once your business name and logo are set, it&rsquo;s time to start thinking about your tagline or slogan. A simple catchphrase or one word/line/sentence that sums up your business and what you offer. Slogans are an easy way for customers to remember you. Think of your slogan as your mini mission statement.</p>\r\n\r\n<p>We know creating a slogan can be extremely difficult. How do you sum up your whole business with one short, sharp sentence? But every business needs one, whether you&rsquo;re a multi-billion dollar company or just starting out.</p>\r\n\r\n<p>Here are a few great examples:</p>\r\n\r\n<ul>\r\n	<li>\r\n	<p><strong>MasterCard: </strong>There are some things money can&rsquo;t buy. For everything else, there&rsquo;s MasterCard</p>\r\n	</li>\r\n	<li>\r\n	<p><strong>Apple: </strong>Think different</p>\r\n	</li>\r\n	<li>\r\n	<p><strong>L&rsquo;Oreal: </strong>You&rsquo;re worth it</p>\r\n	</li>\r\n	<li>\r\n	<p><strong>Nike: </strong>Just do It</p>\r\n	</li>\r\n</ul>\r\n\r\n<p>Slogans should be short and catchy. You can see how each of the above varies in length but they each invoke thought or emotion, and tell a story. They lead you to thinking about what their business can do for you or be for you, and the benefits you can get.</p>\r\n\r\n<p>A great way to start building your slogan is to brainstorm keywords. Think about: what you do, who your product/service is targeted at, what benefits they&rsquo;ll get and what&rsquo;s unique about them.</p>\r\n\r\n<p>Good slogans need to be:</p>\r\n\r\n<ul>\r\n	<li>\r\n	<p>Memorable</p>\r\n	</li>\r\n	<li>\r\n	<p>Catchy, creative and believable</p>\r\n	</li>\r\n	<li>\r\n	<p>Include your business benefits</p>\r\n	</li>\r\n	<li>\r\n	<p>Short, concise and avoid industry jargon</p>\r\n	</li>\r\n	<li>\r\n	<p>Reflect your brands personality</p>\r\n	</li>\r\n</ul>\r\n', 4, NULL, 'tagline-and-slogan'),
(73, 63, 8, 1, 'Website Design', '<p>Think of your website as your online shopfront (for e-commerce businesses, it <em>is</em> their shopfront) so you need to make sure it&rsquo;s well designed, beautiful, functional and show your brand&rsquo;s personality. You should get the same graphic designer that created your logo to create your website for consistency.</p>\r\n\r\n<p>In today&rsquo;s market, most people jump online to search for products or services, so you need your website to stand out. People take just five seconds to determine whether or not the website they&rsquo;ve clicked on is for them.</p>\r\n\r\n<p>When building your website, look at using an existing template. This will give your website its structure. Website templates can be searched and purchased online. Make sure you do your research. Choosing an existing template is easier on your hip pocket but make sure the template you choose fulfils your needs.</p>\r\n\r\n<p>Templates are cheaper than a custom built website, but you&rsquo;re also at the mercy of the template owner. If they change or delete the template, you&rsquo;ll need to find another. To get started, have a look at these websites for templates:</p>\r\n\r\n<ul>\r\n	<li>\r\n	<p><a href="https://wordpress.com/" target="_blank">Wordpress</a></p>\r\n	</li>\r\n	<li>\r\n	<p><a href="http://themeforest.net/" target="_blank">Themeforest</a></p>\r\n	</li>\r\n	<li>\r\n	<p><a href="http://www.wix.com/website/templates" target="_blank">Wix</a></p>\r\n	</li>\r\n</ul>\r\n\r\n<p>Here are some tips when building your website:</p>\r\n\r\n<p><strong>Typefaces</strong></p>\r\n\r\n<ul>\r\n	<li>\r\n	<ul>\r\n		<li>\r\n		<p>Sans Serif fonts like &lsquo;Arial&rsquo; or &lsquo;Verdana&rsquo; work really well because they&rsquo;re easier to read</p>\r\n		</li>\r\n		<li>\r\n		<p>Use a maximum of two or three different font styles to ensure your designs are streamlined</p>\r\n		</li>\r\n	</ul>\r\n	</li>\r\n</ul>\r\n\r\n<p><strong>Colours</strong></p>\r\n\r\n<ul>\r\n	<li>\r\n	<ul>\r\n		<li>\r\n		<p>Keep your colour schemes consistent with your brand</p>\r\n		</li>\r\n		<li>\r\n		<p>Use contrasting colours for your text and backgrounds to make your text and images pop</p>\r\n		</li>\r\n		<li>\r\n		<p>Make your call to action (&lsquo;buy now&rsquo; button) stand out with a vibrant colour</p>\r\n		</li>\r\n	</ul>\r\n	</li>\r\n</ul>\r\n\r\n<p><strong>Imagery </strong></p>\r\n\r\n<ul>\r\n	<li>\r\n	<ul>\r\n		<li>\r\n		<p>Always incorporate your logo in your website</p>\r\n		</li>\r\n		<li>\r\n		<p>You can often tell a story with imagery (also a great way to break up bulk text)</p>\r\n		</li>\r\n		<li>\r\n		<p>Look to incorporate videos, infographics and graphics (they&rsquo;ll assist in telling your story)</p>\r\n		</li>\r\n		<li>\r\n		<p>Avoid large files sizes (they&rsquo;ll make your page load slowly)</p>\r\n		</li>\r\n		<li>\r\n		<p>Keep your backgrounds simple (let your imagery, text and information be the stars)</p>\r\n		</li>\r\n	</ul>\r\n	</li>\r\n</ul>\r\n\r\n<p><strong>Functionality</strong></p>\r\n\r\n<ul>\r\n	<li>\r\n	<p>Websites need to be user friendly and easy to navigate</p>\r\n	</li>\r\n</ul>\r\n\r\n<ul>\r\n	<li>\r\n	<ul>\r\n		<li>\r\n		<p>Keep your messages short, sharp and concise</p>\r\n		</li>\r\n		<li>\r\n		<p>Look to include headlines and bullet points</p>\r\n		</li>\r\n		<li>\r\n		<p>Make sure your website is built correctly and optimised for both desktop and mobile</p>\r\n		</li>\r\n		<li>\r\n		<p>Follow the three-click rule (people should find what they&rsquo;re looking in three clicks)</p>\r\n		</li>\r\n		<li>\r\n		<p>They way people generally scan a page is like the letter &lsquo;F&rsquo; (they&rsquo;ll visually scroll down the left hand side and across the top of the page) so this is where your important information needs to be</p>\r\n		</li>\r\n		<li>\r\n		<p>Make sure external links open in a new window (this will keep people on your site)</p>\r\n		</li>\r\n	</ul>\r\n	</li>\r\n</ul>\r\n\r\n<p><strong>Avoid industry terminology</strong></p>\r\n\r\n<ul>\r\n	<li>\r\n	<p>Make sure the content on your website is easy to understand&mdash;not everyone knows and understands your industry terminology</p>\r\n	</li>\r\n</ul>\r\n\r\n<p><strong>Always think about your customer </strong></p>\r\n\r\n<ul>\r\n	<li>\r\n	<p>Put yourself in your customer&rsquo;s shoes (how long are they willing to concentrate on your information?)<strong> </strong></p>\r\n	</li>\r\n	<li>\r\n	<p>Test your website on trusted people to get their opinions, reactions and feedback (they may give you that one idea to make your website even better)</p>\r\n	</li>\r\n</ul>\r\n\r\n<p><strong>Remember the KISS principle</strong>: &lsquo;Keep it Simple Stupid.&rsquo;</p>\r\n\r\n<ul>\r\n	<li>\r\n	<p>Often simplicity is the key to success (don&rsquo;t get caught up in trying to get too wordy or too creative, as this could distract rather than draw people in</p>\r\n	</li>\r\n</ul>\r\n', 4, NULL, 'website-design');
INSERT INTO `pages` (`id`, `parent_id`, `position`, `real_depth`, `title`, `content`, `package_id`, `deleted_at`, `slug`) VALUES
(74, 63, 9, 1, 'Product Packaging', '<p>Consider your packaging as your biggest ‘call to action.’ When people walk through stores, down the grocery aisle or scroll through your online store, what makes them stop and buy your product?</p>\r\n\r\n<p>This can be true for service-based businesses too. If you’re selling services online, what will the title of your offering be? How will they be displayed? Every little detail counts.</p>\r\n\r\n<p>Product packaging can be as creative or straightforward as you want them to be. If your product is creative and in a competitive market, you may need to do something different to make it stand out. Here are a couple of examples of great, unique product packaging from around the world:</p>\r\n', 4, NULL, 'product-packaging'),
(75, 63, 10, 1, 'Business Documents', '<p>Now you’ve got the fundamental external branding elements right—your name, logo, slogan, website and packaging—it’s time to look at how your general business documents will be created.</p>\n\n<p>Using the overall themes (colours, images, fonts and graphics) of your business, below are a couple of key documents you may need to start thinking about:</p>\n\n<h2><strong>Business cards </strong></h2>\n\n<p>While technology seems to have taken over our day-to-day activities, the one thing that can’t be replaced is business cards.</p>\n\n<p>While simple in theory, business cards, like all other branding elements, need to be aligned. They’re one of the first tangible pieces of your business someone will see. Style, design, format and even printing quality should be considered. A unique and well-designed business card can even have virality if quirky and unique. Simple rectangular cards on thin pieces of paper are no longer the norm. Some creative business cards aren’t even printed on paper!</p>\n\n<p><strong>Here are a couple of great examples:</strong></p>\n\n\n', 4, NULL, 'business-documents'),
(76, 63, 11, 1, 'Business Operations', '<p>Everyday business operations may include:</p>\r\n\r\n<ul>\r\n	<li>\r\n	<p>Uniforms and name badges</p>\r\n	</li>\r\n	<li>\r\n	<p>Voicemail phone messaging</p>\r\n	</li>\r\n</ul>\r\n\r\n<h2><strong>Uniforms and name badges</strong></h2>\r\n\r\n<p>Whether you&rsquo;re a painting business, a fast food restaurant or a service-based business that operates out of an office, if your staff wears a uniform, here are a few things you may need to consider:</p>\r\n\r\n<ul>\r\n	<li>\r\n	<p>Why do you want your staff to wear uniforms&mdash;professionalism, necessity, brand awareness, promotion?</p>\r\n	</li>\r\n	<li>\r\n	<p>Your uniforms should reflect the tone of your business</p>\r\n	</li>\r\n	<li>\r\n	<p>What are the required day-to-day functions of your staff and do your uniforms need to be durable and functional?</p>\r\n	</li>\r\n	<li>\r\n	<p>How many units will you need?</p>\r\n	</li>\r\n	<li>\r\n	<p>What costs are associated with the creation of each uniform?</p>\r\n	</li>\r\n	<li>\r\n	<p>Are there any legal guidelines you need to abide by in your industry like steel cap boots or protective clothing?</p>\r\n	</li>\r\n</ul>\r\n\r\n<p>To make the designs successful, they should:</p>\r\n\r\n<ul>\r\n	<li>\r\n	<p>Incorporate the company details, like your logo</p>\r\n	</li>\r\n	<li>\r\n	<p>Represent the business identity through colour choice, fabric and shapes</p>\r\n	</li>\r\n	<li>\r\n	<p>Be fashionable (you want your staff to &lsquo;want&rsquo; to wear them)</p>\r\n	</li>\r\n	<li>\r\n	<p>Consider body shapes and staff demographics</p>\r\n	</li>\r\n</ul>\r\n\r\n<h2><strong>Voicemail Messages</strong></h2>\r\n\r\n<p>While it might seem trivial, even your voicemail messages can portray your business&rsquo; story.</p>\r\n\r\n<p>For some businesses, voicemail may be as simple as stating a name, message and a call back number, but you can make them as simple or detailed as you like. You may even opt to have a little fun with your messages, adding a little creativity or pizazz. Just remember to keep them professional and in your tone of voice. You never know who&rsquo;s going to call you!</p>\r\n\r\n<p>A list of key essentials in your message include:</p>\r\n\r\n<ul>\r\n	<li>\r\n	<p>Company name</p>\r\n	</li>\r\n	<li>\r\n	<p>Alternate contact details</p>\r\n	</li>\r\n	<li>\r\n	<p>A message, like &lsquo;sorry I&rsquo;m not there to take your call&rsquo;</p>\r\n	</li>\r\n	<li>\r\n	<p>A prompt, asking the caller to leave their contact details</p>\r\n	</li>\r\n	<li>\r\n	<p>A length of no more than 25 seconds</p>\r\n	</li>\r\n</ul>\r\n', 4, NULL, 'business-operations'),
(77, 63, 12, 1, 'A Few Final Thoughts', '<ul>\r\n	<li>\r\n	<p>Creating your brand takes planning (take your time and engage experts like graphic designers)</p>\r\n	</li>\r\n	<li>\r\n	<p>Your logo is the heart of your brand, so make sure it sets the tone and tells the right story</p>\r\n	</li>\r\n	<li>\r\n	<p>Stick to one-three fonts across all collateral and one colour pallet</p>\r\n	</li>\r\n	<li>\r\n	<p>The style guide is your style &lsquo;bible&rsquo;</p>\r\n	</li>\r\n	<li>\r\n	<p>Consistency is key</p>\r\n	</li>\r\n	<li>\r\n	<p>First impressions last, so make it a good one</p>\r\n	</li>\r\n</ul>\r\n\r\n<h2><strong>Your Brand Checklist</strong></h2>\r\n\r\n<p>Here&rsquo;s a handy checklist to make sure you&rsquo;ve thought of everything you need to create your brand story:</p>\r\n\r\n<ul>\r\n	<li>\r\n	<p>Business name</p>\r\n	</li>\r\n	<li>\r\n	<p>Graphic designer</p>\r\n	</li>\r\n	<li>\r\n	<p>Colours</p>\r\n	</li>\r\n	<li>\r\n	<p>Fonts</p>\r\n	</li>\r\n	<li>\r\n	<p>Graphics and imagery</p>\r\n	</li>\r\n	<li>\r\n	<p>Logo</p>\r\n	</li>\r\n	<li>\r\n	<p>Style guide</p>\r\n\r\n	<ul>\r\n		<li>\r\n		<p>Slogan and tagline</p>\r\n		</li>\r\n		<li>\r\n		<p>Business documents</p>\r\n		</li>\r\n		<li>\r\n		<p>Product packaging</p>\r\n		</li>\r\n		<li>\r\n		<p>Website design</p>\r\n		</li>\r\n	</ul>\r\n	</li>\r\n</ul>\r\n\r\n<ul>\r\n	<li>\r\n	<p>Business cards</p>\r\n	</li>\r\n	<li>\r\n	<p>Email signatures</p>\r\n	</li>\r\n	<li>\r\n	<p>Business templates</p>\r\n	</li>\r\n	<li>\r\n	<p>Proposals and pitch documents</p>\r\n	</li>\r\n	<li>\r\n	<p>Invoices, quotes and memos</p>\r\n\r\n	<ul>\r\n		<li>\r\n		<p>Business operations</p>\r\n		</li>\r\n	</ul>\r\n	</li>\r\n	<li>\r\n	<p>Uniforms and name badges</p>\r\n	</li>\r\n	<li>\r\n	<p>Voicemail phone messaging</p>\r\n	</li>\r\n	<li>\r\n	<p>Marketing collateral</p>\r\n	</li>\r\n</ul>\r\n\r\n<ul>\r\n	<li>\r\n	<p>Media releases</p>\r\n	</li>\r\n</ul>\r\n\r\n<ul>\r\n	<li>\r\n	<p>Blogs, newsletters, EDMs and flyers</p>\r\n	</li>\r\n</ul>\r\n\r\n<ul>\r\n	<li>\r\n	<p>Loyalty or rewards programs</p>\r\n	</li>\r\n</ul>\r\n', 4, NULL, 'a-few-final-thoughts');

-- --------------------------------------------------------

--
-- Table structure for table `page_closure`
--

CREATE TABLE IF NOT EXISTS `page_closure` (
  `closure_id` int(10) unsigned NOT NULL,
  `ancestor` int(10) unsigned NOT NULL,
  `descendant` int(10) unsigned NOT NULL,
  `depth` int(10) unsigned NOT NULL
) ENGINE=InnoDB AUTO_INCREMENT=143 DEFAULT CHARSET=utf8 COLLATE=utf8_unicode_ci;

--
-- Dumping data for table `page_closure`
--

INSERT INTO `page_closure` (`closure_id`, `ancestor`, `descendant`, `depth`) VALUES
(1, 1, 1, 0),
(13, 8, 8, 0),
(14, 9, 9, 0),
(15, 8, 9, 1),
(16, 10, 10, 0),
(17, 8, 10, 1),
(18, 11, 11, 0),
(19, 8, 11, 1),
(20, 12, 12, 0),
(21, 8, 12, 1),
(22, 13, 13, 0),
(23, 8, 13, 1),
(24, 14, 14, 0),
(25, 8, 14, 1),
(26, 15, 15, 0),
(27, 8, 15, 1),
(28, 16, 16, 0),
(29, 8, 16, 1),
(34, 21, 21, 0),
(35, 22, 22, 0),
(36, 23, 23, 0),
(37, 24, 24, 0),
(38, 25, 25, 0),
(39, 1, 25, 1),
(40, 26, 26, 0),
(41, 1, 26, 1),
(42, 27, 27, 0),
(43, 1, 27, 1),
(44, 28, 28, 0),
(45, 1, 28, 1),
(46, 29, 29, 0),
(47, 1, 29, 1),
(48, 30, 30, 0),
(49, 1, 30, 1),
(50, 31, 31, 0),
(51, 1, 31, 1),
(52, 32, 32, 0),
(53, 1, 32, 1),
(54, 33, 33, 0),
(55, 21, 33, 1),
(56, 34, 34, 0),
(57, 21, 34, 1),
(58, 35, 35, 0),
(59, 21, 35, 1),
(60, 36, 36, 0),
(61, 21, 36, 1),
(62, 37, 37, 0),
(63, 21, 37, 1),
(65, 21, 38, 1),
(66, 39, 39, 0),
(67, 21, 39, 1),
(68, 40, 40, 0),
(69, 21, 40, 1),
(70, 41, 41, 0),
(71, 21, 41, 1),
(72, 42, 42, 0),
(73, 21, 42, 1),
(74, 43, 43, 0),
(75, 21, 43, 1),
(76, 44, 44, 0),
(77, 21, 44, 1),
(78, 45, 45, 0),
(79, 21, 45, 1),
(80, 46, 46, 0),
(81, 21, 46, 1),
(82, 47, 47, 0),
(83, 21, 47, 1),
(84, 48, 48, 0),
(85, 21, 48, 1),
(86, 49, 49, 0),
(87, 22, 49, 1),
(88, 50, 50, 0),
(89, 22, 50, 1),
(90, 51, 51, 0),
(91, 22, 51, 1),
(92, 52, 52, 0),
(93, 22, 52, 1),
(94, 53, 53, 0),
(95, 22, 53, 1),
(96, 54, 54, 0),
(97, 22, 54, 1),
(98, 55, 55, 0),
(99, 22, 55, 1),
(100, 56, 56, 0),
(101, 23, 56, 1),
(102, 57, 57, 0),
(103, 23, 57, 1),
(104, 58, 58, 0),
(105, 23, 58, 1),
(106, 59, 59, 0),
(107, 23, 59, 1),
(108, 60, 60, 0),
(109, 23, 60, 1),
(110, 61, 61, 0),
(111, 23, 61, 1),
(112, 62, 62, 0),
(113, 23, 62, 1),
(114, 63, 63, 0),
(117, 65, 65, 0),
(118, 63, 65, 1),
(119, 66, 66, 0),
(120, 63, 66, 1),
(121, 67, 67, 0),
(122, 63, 67, 1),
(123, 68, 68, 0),
(124, 63, 68, 1),
(125, 69, 69, 0),
(126, 63, 69, 1),
(127, 70, 70, 0),
(128, 63, 70, 1),
(129, 71, 71, 0),
(130, 63, 71, 1),
(131, 72, 72, 0),
(132, 63, 72, 1),
(133, 73, 73, 0),
(134, 63, 73, 1),
(135, 74, 74, 0),
(136, 63, 74, 1),
(137, 75, 75, 0),
(138, 63, 75, 1),
(139, 76, 76, 0),
(140, 63, 76, 1),
(141, 77, 77, 0),
(142, 63, 77, 1);

-- --------------------------------------------------------

--
-- Table structure for table `password_resets`
--

CREATE TABLE IF NOT EXISTS `password_resets` (
  `email` varchar(255) COLLATE utf8_unicode_ci NOT NULL,
  `token` varchar(255) COLLATE utf8_unicode_ci NOT NULL,
  `created_at` timestamp NOT NULL DEFAULT '0000-00-00 00:00:00'
) ENGINE=InnoDB DEFAULT CHARSET=utf8 COLLATE=utf8_unicode_ci;

-- --------------------------------------------------------

--
-- Table structure for table `plans`
--

CREATE TABLE IF NOT EXISTS `plans` (
  `id` int(10) unsigned NOT NULL,
  `name` varchar(255) COLLATE utf8_unicode_ci NOT NULL,
  `user_id` int(11) NOT NULL,
  `created_at` timestamp NOT NULL DEFAULT '0000-00-00 00:00:00',
  `updated_at` timestamp NOT NULL DEFAULT '0000-00-00 00:00:00',
  `type` varchar(255) COLLATE utf8_unicode_ci NOT NULL,
  `filepath` varchar(255) COLLATE utf8_unicode_ci DEFAULT NULL,
  `generated_date` datetime NOT NULL
) ENGINE=InnoDB AUTO_INCREMENT=3 DEFAULT CHARSET=utf8 COLLATE=utf8_unicode_ci;

--
-- Dumping data for table `plans`
--

INSERT INTO `plans` (`id`, `name`, `user_id`, `created_at`, `updated_at`, `type`, `filepath`, `generated_date`) VALUES
(1, 'Test', 1, '2015-12-18 01:30:45', '2015-12-18 01:30:45', 'marketing', '', '0000-00-00 00:00:00'),
(2, 'New Business Plan', 1, '2015-12-18 01:55:58', '2015-12-18 02:46:19', 'business', '1450406779--2-business-plan.pdf', '2015-12-18 12:46:19');

-- --------------------------------------------------------

--
-- Table structure for table `plan_categories`
--

CREATE TABLE IF NOT EXISTS `plan_categories` (
  `id` int(10) unsigned NOT NULL,
  `parent_id` int(11) DEFAULT NULL,
  `lft` int(11) DEFAULT NULL,
  `rgt` int(11) DEFAULT NULL,
  `depth` int(11) DEFAULT NULL,
  `name` varchar(255) COLLATE utf8_unicode_ci NOT NULL,
  `created_at` timestamp NOT NULL DEFAULT '0000-00-00 00:00:00',
  `updated_at` timestamp NOT NULL DEFAULT '0000-00-00 00:00:00',
  `tip_id` int(11) NOT NULL,
  `content_type` varchar(255) COLLATE utf8_unicode_ci NOT NULL,
  `default_content_id` int(11) NOT NULL,
  `plan_type` varchar(255) COLLATE utf8_unicode_ci NOT NULL
) ENGINE=InnoDB AUTO_INCREMENT=80 DEFAULT CHARSET=utf8 COLLATE=utf8_unicode_ci;

--
-- Dumping data for table `plan_categories`
--

INSERT INTO `plan_categories` (`id`, `parent_id`, `lft`, `rgt`, `depth`, `name`, `created_at`, `updated_at`, `tip_id`, `content_type`, `default_content_id`, `plan_type`) VALUES
(9, NULL, 1, 80, 0, 'Business Plan Root', '2015-10-14 19:07:53', '2015-12-18 02:36:01', 0, 'text', 5, 'business'),
(10, 9, 2, 3, 1, 'Executive Summary', '2015-10-14 19:09:22', '2015-12-18 02:36:01', 1, 'text', 1, 'business'),
(11, 9, 4, 13, 1, 'The Business Summary', '2015-10-14 19:10:42', '2015-12-18 02:36:01', 0, 'container', 0, 'business'),
(12, 9, 14, 49, 1, 'Business Operations', '2015-10-14 19:10:47', '2015-12-18 02:36:01', 6, 'container', 0, 'business'),
(13, 9, 50, 65, 1, 'The Market', '2015-10-14 19:10:57', '2015-12-18 02:36:01', 0, 'container', 0, 'business'),
(14, 9, 66, 75, 1, 'The Financials', '2015-10-14 19:11:03', '2015-12-18 02:36:01', 0, 'container', 0, 'business'),
(15, 9, 76, 77, 1, 'Research and Development (R&D) / Innovation Activities', '2015-10-14 19:11:16', '2015-12-18 02:36:01', 33, 'text', 0, 'business'),
(16, 9, 78, 79, 1, 'Appendix/Supporting Documents', '2015-10-14 19:11:26', '2015-12-18 02:36:01', 0, 'document', 0, 'business'),
(24, 12, 15, 16, 2, 'Business and Registration Details', '2015-10-14 23:22:19', '2015-12-18 02:36:01', 6, 'text', 10, 'business'),
(26, 12, 17, 26, 2, 'Product and Service', '2015-10-14 23:22:37', '2015-12-18 02:36:01', 11, 'text', 0, 'business'),
(27, 12, 33, 42, 2, 'Legal and Accounting', '2015-10-14 23:23:09', '2015-12-18 02:36:01', 0, 'container', 0, 'business'),
(29, 12, 43, 48, 2, 'Technology and Equipment', '2015-10-14 23:23:22', '2015-12-18 02:36:01', 0, 'container', 0, 'business'),
(30, 11, 5, 6, 2, 'What is your Business?', '2015-10-14 23:25:02', '2015-12-18 02:36:01', 2, 'text', 0, 'business'),
(31, 11, 7, 8, 2, 'Vision', '2015-10-14 23:25:08', '2015-12-18 02:36:01', 3, 'text', 0, 'business'),
(32, 11, 9, 10, 2, 'Mission', '2015-10-14 23:25:13', '2015-12-18 02:36:01', 4, 'text', 0, 'business'),
(33, 11, 11, 12, 2, 'Goals and Action Plan', '2015-10-14 23:25:17', '2015-12-18 02:36:01', 5, 'text', 9, 'business'),
(34, 13, 51, 52, 2, 'Market Summary', '2015-10-14 23:26:10', '2015-12-18 02:36:01', 22, 'text', 0, 'business'),
(35, 13, 53, 60, 2, 'Target Market', '2015-10-14 23:26:16', '2015-12-18 02:36:01', 23, 'text', 0, 'business'),
(36, 13, 61, 62, 2, 'SWOT Analysis', '2015-10-14 23:26:22', '2015-12-18 02:36:01', 26, 'text', 22, 'business'),
(37, 13, 63, 64, 2, 'Marketing and Media Plan', '2015-10-14 23:26:27', '2015-12-18 02:36:01', 28, 'text', 23, 'business'),
(38, 12, 31, 32, 2, 'Key Personnel', '2015-10-14 23:27:08', '2015-12-18 02:36:01', 8, 'text', 11, 'business'),
(39, 12, 29, 30, 2, 'Required Personnel', '2015-10-14 23:27:16', '2015-12-18 02:36:01', 9, 'text', 12, 'business'),
(40, 12, 27, 28, 2, 'Recruitment and Training', '2015-10-14 23:27:24', '2015-12-18 02:36:01', 10, 'text', 30, 'business'),
(41, 14, 67, 74, 2, 'Key Objectives and Financial Review', '2015-10-15 00:09:33', '2015-12-18 02:36:01', 29, 'text', 0, 'business'),
(42, 41, 68, 69, 3, 'Profit and Loss Forecast', '2015-10-15 00:09:59', '2015-12-18 02:36:01', 30, 'spreadsheet', 0, 'business'),
(43, 41, 70, 71, 3, 'Balance Sheet Forecast', '2015-10-15 00:10:07', '2015-12-18 02:36:01', 31, 'spreadsheet', 0, 'business'),
(44, 41, 72, 73, 3, 'Expected Cash Flow', '2015-10-15 00:10:14', '2015-12-18 02:36:01', 32, 'spreadsheet', 0, 'business'),
(45, 35, 54, 55, 3, 'Market Research', '2015-10-15 00:11:00', '2015-12-18 02:36:01', 24, 'text', 0, 'business'),
(46, 35, 56, 57, 3, 'Competitors', '2015-10-15 00:11:07', '2015-12-18 02:36:01', 25, 'text', 21, 'business'),
(47, 35, 58, 59, 3, 'Unique Selling Position', '2015-10-15 00:11:14', '2015-12-18 02:36:01', 27, 'text', 0, 'business'),
(48, 27, 34, 35, 3, 'Legal', '2015-10-15 00:28:20', '2015-12-18 02:36:01', 16, 'text', 16, 'business'),
(49, 27, 36, 37, 3, 'Accounting', '2015-10-15 00:31:41', '2015-12-18 02:36:01', 17, 'text', 31, 'business'),
(50, 27, 38, 39, 3, 'Insurance', '2015-10-15 00:31:49', '2015-12-18 02:36:01', 18, 'text', 17, 'business'),
(51, 27, 40, 41, 3, 'Risk Management and Security', '2015-10-15 00:32:05', '2015-12-18 02:36:01', 19, 'text', 18, 'business'),
(52, 29, 44, 45, 3, 'IT Infrastructure', '2015-10-15 00:32:14', '2015-12-18 02:36:01', 20, 'text', 19, 'business'),
(53, 29, 46, 47, 3, 'Equipment', '2015-10-15 00:32:21', '2015-12-18 02:36:01', 21, 'text', 20, 'business'),
(54, 26, 18, 19, 3, 'Pricing', '2015-10-15 00:32:32', '2015-12-18 02:36:01', 12, 'text', 13, 'business'),
(55, 26, 20, 21, 3, 'Inventory', '2015-10-15 00:32:46', '2015-12-18 02:36:01', 13, 'text', 14, 'business'),
(56, 26, 22, 23, 3, 'Distribution', '2015-10-15 00:32:53', '2015-12-18 02:36:01', 14, 'text', 15, 'business'),
(57, 26, 24, 25, 3, 'Location', '2015-10-15 00:32:59', '2015-12-18 02:36:01', 15, 'text', 0, 'business'),
(58, NULL, 81, 120, 0, 'Marketing Plan Root', '2015-11-17 23:04:09', '2015-12-18 02:36:01', 0, 'text', 0, 'marketing'),
(59, 58, 82, 83, 1, 'Executive Summary', '2015-11-17 23:36:55', '2015-12-18 02:36:01', 37, 'text', 0, 'marketing'),
(61, 58, 84, 85, 1, 'Vision Statement', '2015-11-18 00:40:39', '2015-12-18 02:36:01', 38, 'text', 0, 'marketing'),
(62, 58, 86, 87, 1, 'Mission Statement', '2015-11-18 00:40:48', '2015-12-18 02:36:01', 39, 'text', 0, 'marketing'),
(63, 58, 88, 105, 1, 'The Market', '2015-11-18 00:40:54', '2015-12-18 02:36:01', 0, 'container', 0, 'marketing'),
(64, 58, 106, 107, 1, 'Sales and Distribution Channels', '2015-11-18 00:41:02', '2015-12-18 02:36:01', 47, 'text', 26, 'marketing'),
(65, 58, 108, 109, 1, 'Marketing and Media Goals & Objectives', '2015-11-18 00:41:13', '2015-12-18 02:36:01', 48, 'text', 27, 'marketing'),
(66, 58, 110, 111, 1, 'Marketing and Media Plans', '2015-11-18 00:41:21', '2015-12-18 02:36:01', 49, 'text', 28, 'marketing'),
(67, 58, 112, 113, 1, 'Marketing and Media Budget', '2015-11-18 00:41:28', '2015-12-18 02:36:01', 50, 'text', 34, 'marketing'),
(68, 58, 114, 117, 1, 'Timeline of Activity', '2015-11-18 00:41:55', '2015-12-18 02:36:01', 51, 'text', 32, 'marketing'),
(69, 58, 118, 119, 1, 'Monitoring and Measurement of Marketing and Media Activities', '2015-11-18 00:42:11', '2015-12-18 02:36:01', 52, 'text', 29, 'marketing'),
(70, 63, 89, 90, 2, 'Market Summary', '2015-11-18 00:42:41', '2015-12-18 02:36:01', 40, 'text', 0, 'marketing'),
(71, 63, 91, 92, 2, 'Target Market', '2015-11-18 00:42:47', '2015-12-18 02:36:01', 41, 'text', 0, 'marketing'),
(72, 63, 93, 94, 2, 'Market Research', '2015-11-18 00:42:55', '2015-12-18 02:36:01', 42, 'text', 0, 'marketing'),
(73, 63, 95, 96, 2, 'Competitors', '2015-11-18 00:43:02', '2015-12-18 02:36:01', 43, 'text', 24, 'marketing'),
(74, 63, 97, 98, 2, 'SWOT Analysis', '2015-11-18 00:43:08', '2015-12-18 02:36:01', 44, 'text', 25, 'marketing'),
(75, 63, 99, 100, 2, 'Unique Selling Position', '2015-11-18 00:43:16', '2015-12-18 02:36:01', 45, 'text', 0, 'marketing'),
(76, 63, 101, 102, 2, 'Brand Position/Statement', '2015-11-18 00:43:24', '2015-12-18 02:36:01', 46, 'text', 0, 'marketing'),
(78, 68, 115, 116, 2, 'Digital/Social Media Content Plan', '2015-11-18 00:44:27', '2015-12-18 02:36:01', 54, 'text', 33, 'marketing'),
(79, 63, 103, 104, 2, 'Communication Pillars', '2015-12-09 04:41:16', '2015-12-18 02:36:01', 55, 'text', 0, 'marketing');

-- --------------------------------------------------------

--
-- Table structure for table `plan_contents`
--

CREATE TABLE IF NOT EXISTS `plan_contents` (
  `id` int(10) unsigned NOT NULL,
  `content` text COLLATE utf8_unicode_ci NOT NULL,
  `created_at` timestamp NOT NULL DEFAULT '0000-00-00 00:00:00',
  `updated_at` timestamp NOT NULL DEFAULT '0000-00-00 00:00:00',
  `status` tinyint(1) NOT NULL,
  `user_id` int(11) NOT NULL,
  `cat_id` int(11) NOT NULL,
  `plan_id` int(11) NOT NULL
) ENGINE=InnoDB DEFAULT CHARSET=utf8 COLLATE=utf8_unicode_ci;

-- --------------------------------------------------------

--
-- Table structure for table `plan_tips`
--

CREATE TABLE IF NOT EXISTS `plan_tips` (
  `id` int(10) unsigned NOT NULL,
  `tip` text COLLATE utf8_unicode_ci NOT NULL,
  `created_at` timestamp NOT NULL DEFAULT '0000-00-00 00:00:00',
  `updated_at` timestamp NOT NULL DEFAULT '0000-00-00 00:00:00',
  `cat_id` int(11) NOT NULL
) ENGINE=InnoDB AUTO_INCREMENT=56 DEFAULT CHARSET=utf8 COLLATE=utf8_unicode_ci;

--
-- Dumping data for table `plan_tips`
--

INSERT INTO `plan_tips` (`id`, `tip`, `created_at`, `updated_at`, `cat_id`) VALUES
(1, '<p>Don&rsquo;t write this now. The Executive Summary should be written last as it&rsquo;s the most important part of your plan. It should summarise your business and is designed to capture the reader&rsquo;s attention in a few sharp, pointed and perfectly shaped sentences, getting them excited about your business.</p>\r\n\r\n<p>Think about:</p>\r\n\r\n<ul>\r\n	<li>Who you are</li>\r\n	<li>What you do</li>\r\n	<li>What your business aims to achieve and the steps you&rsquo;ll take to get there</li>\r\n</ul>\r\n\r\n<p>If you&rsquo;re seeking financing or an investor, this is your first opportunity to grab interest. It should highlight the strengths of your business. If you&rsquo;re just starting out, you won&rsquo;t have as much info as an established company, so focus on your own experience.</p>\r\n\r\n<p>You want to prove how and why your business will be successful and how you&rsquo;ll get there. Remember to think of location; the current market and opportunities; your customer base; and who&rsquo;s involved in your business. The simple who, what, when, where, why and how come into play here.&nbsp;</p>\r\n', '2015-10-17 01:15:13', '2015-10-17 01:15:13', 10),
(2, '<p>Okay, lets describe what your business is.</p>\r\n\r\n<p>Look to provide:</p>\r\n\r\n<ul>\r\n	<li>An overview of your business</li>\r\n	<li>What you&rsquo;re selling, i.e., product, service, or combination of the two?</li>\r\n	<li>Will you have a physical store/online store or wholesale?</li>\r\n	<li>Will you have an office/warehouse?</li>\r\n	<li>Will you need staff/contractors/consultants?</li>\r\n</ul>\r\n\r\n<p>Provide a description of what your idea of success is. Will your product/service be offering your customers/clients with:</p>\r\n\r\n<ul>\r\n	<li>A niche product/service not currently in your market/industry?</li>\r\n	<li>Something price driven, i.e., cheaper than your competitors?</li>\r\n	<li>A premium product or service that isn&rsquo;t currently available?</li>\r\n</ul>\r\n', '2015-10-18 05:47:27', '2015-10-18 19:31:56', 30),
(3, '<p>Now it&rsquo;s time to describe your business potential and your goals for now and the future. It must be clear, concise and leave everyone inspired, wanting to know more. It doesn&rsquo;t matter how many words you use; it&rsquo;s the quality of the words that count. &nbsp;</p>\r\n\r\n<p>Think about how you want others to perceive your business and the reasons why you&rsquo;re creating the business. Look to include your customers, suppliers, competitors and employees.</p>\r\n\r\n<p>The vision must be a long-term view&mdash;you should never have to change your vision statement, no matter how much you grow.</p>\r\n\r\n<p><strong>Tips:</strong></p>\r\n\r\n<ul>\r\n	<li>Keep it short and concise</li>\r\n	<li>Make sure it&rsquo;s specific to your business</li>\r\n	<li>Make sure people internally and externally understand it</li>\r\n	<li>Use passion and emotion&mdash;it should excite the reader</li>\r\n</ul>\r\n\r\n<p><strong>Some examples for you:</strong></p>\r\n\r\n<ul>\r\n	<li>Nike: (source: <a href="http://about.nike.com/" target="_blank">http://about.nike.com/</a>)</li>\r\n	<li>Avon (source: <a href="http://www.avon.com.ph/PRSuite/our_vision.page" target="_blank">http://www.avon.com.ph/PRSuite/our_vision.page</a>)</li>\r\n</ul>\r\n', '2015-10-18 05:47:49', '2015-12-08 04:02:32', 31),
(4, '<p>How are you going to accomplish your vision? This is where the Mission Statement comes in.</p>\r\n\r\n<p>You should describe the company&rsquo;s function, the markets you&rsquo;re targeting and your competitive advantage. The mission should describe your business, its customers, employees and the community. How will you achieve your vision statement? It&rsquo;s time to clearly state your objectives.</p>\r\n\r\n<p><strong>Tip: </strong>Your vision and mission statements will often be visible to your customers, potential customers, suppliers and investors (e.g., published on your website) so they need to stand out and give people an insight into your company&rsquo;s ethos.</p>\r\n\r\n<p><strong>Some examples for you:</strong></p>\r\n\r\n<ul>\r\n	<li>Disney (source: <a href="http://disneycompanyprofile.weebly.com/" target="_blank">http://disneycompanyprofile.weebly.com/</a>)</li>\r\n	<li>Amazon (source: <a href="https://www.facebook.com/Amazon/info?tab=page_info" target="_blank">https://www.facebook.com/Amazon/info?tab=page_info</a>)</li>\r\n</ul>\r\n', '2015-10-18 05:48:06', '2015-12-08 04:03:07', 32),
(5, '<p>Setting clear goals/objectives and including the necessary steps to make them happen is A MUST, both when starting your business and to ensure future success.</p>\r\n\r\n<p>List your business goals. Detail how, when and who&rsquo;ll be responsible to achieve them.</p>\r\n\r\n<p><strong>Examples of goals/objectives:</strong></p>\r\n\r\n<ul>\r\n	<li>Finding a good product supplier</li>\r\n	<li>Looking for a good distribution deal</li>\r\n	<li>Making your first sale</li>\r\n	<li>Hiring your first staff member</li>\r\n</ul>\r\n\r\n<p>Each goal/objective should be specific to your business and will change and grow as your business does.</p>\r\n\r\n<p><strong>Tip</strong>: Make them measurable and achievable.&nbsp;</p>\r\n', '2015-10-18 05:48:21', '2015-10-18 05:48:21', 33),
(6, '<p>Time to collate! This section should house all major business details. Keeping all key information in the one place will ensure you and the reader (i.e. investor) can quickly access your essential business information.</p>\r\n\r\n<p>When looking at the basics of setting up a business (your business/trading names and overall business structure) a great starting point is to speak with your local government authorities and your accountant. They&rsquo;ll be able to guide you through the right business structure for you, i.e., sole trader, a trust, partnership, business or company. Each structure has its own advantages and disadvantages, so choosing the right structure for your business is key. Making the wrong choice at the start may lead to large and costly changes down the track.</p>\r\n\r\n<p><strong>Tip: </strong>Do your research. Even scrolling through your government websites will offer advice/information you may not previously have known. It&rsquo;s also a good idea to do a website domain search before settling on names to make sure the website address you want is available. It&rsquo;s as simple as typing your ideal website address into Google to see if it&rsquo;s free, or you can head to specific websites where you&rsquo;ll be able to run a search for your ideal website address, e.g., <a href="https://au.godaddy.com/?ci" target="_blank">https://au.godaddy.com/?ci</a>=&nbsp;</p>\r\n', '2015-10-18 05:48:49', '2015-12-08 04:01:59', 24),
(7, '<p>An organisational chart is a great way to show how you see your business operating on a daily basis, and it also makes future planning really easy and efficient.</p>\r\n\r\n<p>A good organisational chart can:</p>\r\n\r\n<ul>\r\n	<li>Guide employees in understanding their own responsibilities</li>\r\n	<li>Help manage the workloads of all employees</li>\r\n	<li>Clearly show employees responsibilities and promotion opportunities</li>\r\n	<li>Identify potential gaps and what you may need to plan for</li>\r\n</ul>\r\n', '2015-10-18 05:49:02', '2015-10-18 05:49:02', 25),
(8, '<p>It&rsquo;s always a good idea to detail your key personnel. That way you can highlight who you&rsquo;ve currently got in your business and what skills/strengths they bring to the table.</p>\r\n\r\n<p>While you may not even be considering staff at this point, detailing your key personnel is also a great way to see what possible gaps or skills you may need in the future.</p>\r\n\r\n<p><strong>Tip:</strong> If you&rsquo;re looking for funding/investment, highlighting the skills and strengths of your personnel will not only showcase the potential of your business but also back-up why they should invest in your future.</p>\r\n\r\n<p>List your current staff in the table, including all owners.</p>\r\n', '2015-10-18 05:49:20', '2015-10-18 05:49:20', 38),
(9, '<p>Hopefully you see your business getting bigger and bigger over time. But in getting bigger, you may find you need more employees/staff to operate your business and achieve your goals. It&rsquo;s time to future-proof your business and think about the positions you may need.</p>\r\n\r\n<p>Detail the positions, what skills are required and the date you think you&rsquo;ll need someone by. This section will change as your business grows.</p>\r\n', '2015-10-18 05:49:30', '2015-10-18 05:49:30', 39),
(10, '<p>People can make or break a business, so specific recruiting and training systems for your business are a MUST.</p>\r\n\r\n<p>&nbsp;</p>\r\n\r\n<p>The hiring and firing process can be a timely and costly exercise so ensuring your team has the right qualifications/experience from the start is key. Not only that, your business should have the appropriate systems and training manuals/processes in place to ensure your staff have clarity in their positions and align their daily activities with your company&rsquo;s vision and &lsquo;tone of voice&rsquo;.</p>\r\n\r\n<p>&nbsp;</p>\r\n\r\n<p>Investing in the right people not only improves productivity but also boosts team morale.</p>\r\n\r\n<p>All costs associated need to be considered during the recruitment process (monetary and otherwise). Things to think about include advertising for the required position, current staff covering the vacant role, or purely the time it takes to hire someone new (screening, interviewing, testing etc.). For instance, it&rsquo;s a standard procedure to not only interview web developers, but also design specific tests to prove their proficiency in languages and systems.</p>\r\n\r\n<p><strong>Tips:</strong></p>\r\n\r\n<ul>\r\n	<li>Online Advertising services (i.e., Seek, CareerOne, LinkedIn) and even credible referrals are a great way to find staff</li>\r\n	<li>Create clear procedural manuals/documents that can be given to staff</li>\r\n	<li>Put checklists/important information in high traffic areas for staff so they can read them</li>\r\n	<li>Make sure you have written job descriptions for each staff member so there&rsquo;s no confusion on tasks</li>\r\n</ul>\r\n\r\n<p>Put in place review processes to make sure staff are held accountable</p>\r\n', '2015-10-18 05:49:47', '2015-10-18 05:49:47', 40),
(11, '<p>Here&rsquo;s where you detail each product/service you&rsquo;ll be providing to your clients/customers.</p>\r\n\r\n<p>Consider how you&rsquo;ll be selling them, where they&rsquo;re coming from and all costs associated with each product/service.</p>\r\n', '2015-10-18 05:50:00', '2015-10-18 05:50:00', 26),
(12, '<p>Describe how your products/services will be sold, and the payment method you&rsquo;ll have available, e.g., direct debit/credit card/merchant facilities./gift cards/PayPal.</p>\r\n\r\n<p>Will you have credit card, refund and warranty policies in place? We recommend you check with your local government authorities on any legislation regarding refunds/exchanges/warranties relevant to your industry, as there will be laws and legislation you&rsquo;ll need to abide by. Remember that these can differ depending on your location.</p>\r\n\r\n<p><strong>Tip: </strong>It&rsquo;s also a good idea to check with your bank to see what kind of payment methods are available and will work best for you. Shop around. Banks are pretty competitive. Make sure you get the best rates and account fees possible. Less money for them means more money for you!</p>\r\n\r\n<p>Here are some business policies to think about:</p>\r\n\r\n<ul>\r\n	<li>Credit card policy, e.g., 1.5% surcharge on all credit card payments</li>\r\n	<li>Refund/return/exchange policy, e.g., a seven day refund or exchange policy</li>\r\n	<li>Warranty policy: what will you provide if your product is faulty, breaks down or needs repair?</li>\r\n</ul>\r\n', '2015-10-18 05:50:23', '2015-10-18 05:50:23', 54),
(13, '<p>Have a think about all inventories you&rsquo;ll need to run your business (the items, their costs, the number you need etc.). For instance, if you&rsquo;re a baker, think about all of the ingredients you need for each variety of cakes you sell.</p>\r\n\r\n<p>List them so you&rsquo;re clear on all costs associated to produce each item you intend to sell and how many you&rsquo;ll need to have on hand. This list will change as you develop your business and start purchasing inventory items.</p>\r\n', '2015-10-18 05:50:32', '2015-10-18 05:50:32', 55),
(14, '<p>Understanding how your product/service gets to your end customer is very important. Having the correct distribution channels from the start ensures your business maximises its profit. You need to think about how you&rsquo;ll be selling your products/services, i.e., via a shopfront, email, website, wholesale or a combination of all.</p>\r\n\r\n<p>Each channel has its advantages and disadvantages. Here are a few things to consider:</p>\r\n\r\n<ul>\r\n	<li>The time and costs associated for each channel</li>\r\n	<li>Are the channels suited to your product/service and end goals?</li>\r\n	<li>What channels do your potential customers use? What are their buying habits? E.g., an online store may be better for the youth market</li>\r\n	<li>Can you use multiple channels? Of course you can, just make sure they&rsquo;ll achieve the results you&rsquo;re chasing</li>\r\n</ul>\r\n\r\n<p>During this phase, it&rsquo;s also worth considering what you&rsquo;ll be using to get your business out there. Are you pounding the pavement or hiring a sales team to sell on your behalf? Have a think, and nail the process from the start.</p>\r\n\r\n<p><strong>Tips:</strong></p>\r\n\r\n<ul>\r\n	<li>Will you have a sales team? Will you provide your sales team with a handbook/guide to ensure they&rsquo;re selling your vision correctly?</li>\r\n	<li>Who will make up your sales team? How many sales people will you have?</li>\r\n	<li>Will your sales team have clear goals/KPI&rsquo;s based on the number of leads/sales they achieve?</li>\r\n</ul>\r\n', '2015-10-18 05:50:47', '2015-10-18 05:50:47', 56),
(15, '<p>&lsquo;Location, Location, Location.&rsquo; Ensuring your business is in a prime location is one of the most important business decisions you can make. If people can&rsquo;t find you, whether it&rsquo;s a physical shopfront or an online portal, there&rsquo;s no point being in business.</p>\r\n\r\n<p></p>\r\n\r\n<p><strong>Tips: </strong></p>\r\n\r\n<p></p>\r\n\r\n<ul>\r\n	<li>Think about how much space you&rsquo;ll need, whether you&rsquo;ll need additional storage, and can the space you&rsquo;ve chosen grow with you?</li>\r\n	<li>Are you looking to rent, buy or lease?</li>\r\n	<li>Think about the location from your customers&rsquo; point of view to understand what works for them</li>\r\n	<li>Get to know the community and assess the foot traffic and accessibility of the area</li>\r\n	<li>Look at other businesses and competition in the area</li>\r\n	<li>Assess the building to ensure it suits: how old is the building, will it require maintenance or a complete fit-out and what are the costs?</li>\r\n</ul>\r\n\r\n<p></p>\r\n', '2015-10-18 05:51:05', '2015-12-14 03:12:15', 57),
(16, '<p>It doesn&rsquo;t matter how big or small you think your business is going to be, understanding your legal requirements is vital. Starting your business with the right structures and procedures will avoid unnecessary legal headaches down the road.</p>\r\n\r\n<p>There are many legal requirements to consider when starting a business, and a qualified lawyer&mdash;preferably with experience in your industry&mdash;will help guide you through the process. Speaking with your relevant government bodies will also assist here.&nbsp;</p>\r\n\r\n<p><strong>Tip: </strong>It&rsquo;s always a good idea to conduct your own research. Knowing the right questions to ask will not only help you, but also the professionals you seek because they&rsquo;ll be able to gain a better understanding of your requirements. Remember the old saying: there&rsquo;s no such thing as a stupid question!</p>\r\n\r\n<p>Things to consider:</p>\r\n\r\n<ul>\r\n	<li>What kind of business do you intend to create and what business structure is right for you, i.e., sole trader, trust, partnership, company (<strong>Hot Tip: </strong>accountants can also assist with this process)</li>\r\n	<li>Will you need any contracts drafted (employee contracts, consultant contracts, distribution contracts, confidentiality agreements, shareholder agreements, lease/purchase contracts etc.)?</li>\r\n	<li>Will you need protection on your IP (intellectual property), trademarks, copyright and patents?</li>\r\n	<li>Will you require any licenses to operate your business? Note: these will differ depending on what state/territory you&rsquo;ll be operating in.</li>\r\n</ul>\r\n', '2015-10-18 05:51:25', '2015-10-18 05:51:25', 48),
(17, '<p>The boring numbers are so important and a trusted accounting adviser is MUST! Do your research. Having the appropriate taxation and accounting procedures from the outset will put your business in good stead for the future, and can avoid expensive mistakes and hassles with your local taxation department. An accountant will also help set up your business with the correct structure and offer advice on how to maximise your tax and accounting benefits.</p>\r\n\r\n<p>Once set up, we recommend investing in a &lsquo;cloud based&rsquo; accounting system like Xero, MYOB, Quickbooks or Freshbooks. Everyone loves a good excel spread sheet, but they can be limiting, so utilising a specialised accounting/bookkeeping system will be more efficient (they&rsquo;ll do the hard work for you!). This system will allow you to track and manage your cash flow as you grow, and will also allow your accountant to access your chosen platform without you needing to supply anything.</p>\r\n\r\n<p>It&rsquo;s important to document the accounting system you&rsquo;ll be using, including who&rsquo;ll be responsible for it, how you&rsquo;ll manage your client/customer payments to give your accountant a better understanding of your business, and what they&rsquo;ll need to complete for you. &nbsp;</p>\r\n\r\n<p><strong>Tips: </strong>When choosing a system, consider the following.</p>\r\n\r\n<ul>\r\n	<li>Can you set up and manage multiple bank accounts in the system?</li>\r\n	<li>Can the system calculate and track items like PAYG, annual and long service leave?</li>\r\n	<li>Will the system track stock, purchase orders and other task management requirements?</li>\r\n	<li>Will you be dealing with foreign currency?</li>\r\n	<li>Can the system link with your other online computer systems, such as online payments?</li>\r\n	<li>Can you enter, record and maintain customer contacts in the system, and be able to track what, how and how often they purchase?&nbsp;</li>\r\n</ul>\r\n', '2015-10-18 05:52:08', '2015-10-18 05:52:08', 49),
(18, '<p>You can&rsquo;t predict the future but you can plan and put practices in place for any &lsquo;what if&rsquo; scenario that may arise. Think about the needs of your business, any hazards you may come across and the steps you can employ to reduce risks and threats. While business insurance is typically a costly exercise, it&rsquo;s unfortunately a necessary evil. Every business needs protection.</p>\r\n\r\n<p>Insurances you should consider can be broken down into asset and revenue insurance, personal and workers insurance, and liability insurance.</p>\r\n\r\n<p>Here&rsquo;s a list of insurances you may need to consider for you business:</p>\r\n\r\n<ul>\r\n	<li>Public liability insurance</li>\r\n	<li>Professional indemnity insurance</li>\r\n	<li>Worker&rsquo;s compensation insurance</li>\r\n	<li>Third party personal injury insurance</li>\r\n	<li>Business equipment insurance</li>\r\n	<li>Fire and perils insurance</li>\r\n	<li>Product liability insurance</li>\r\n	<li>Motor vehicle insurance</li>\r\n	<li>Income protection insurance</li>\r\n	<li>Cash insurance</li>\r\n	<li>Life insurance</li>\r\n</ul>\r\n\r\n<p><strong>Tips:</strong></p>\r\n\r\n<ul>\r\n	<li>Check with your local authorities or an insurance broker regarding appropriate insurances</li>\r\n	<li>Complete a risk assessment analysis to identify any potential liabilities in your business</li>\r\n	<li>Discuss your insurance with experts in your field to get the best and most suitable coverage</li>\r\n	<li>Try and purchase from one company; it will be easier for you to manage and negotiate price</li>\r\n</ul>\r\n', '2015-10-18 05:52:51', '2015-10-18 05:52:51', 50),
(19, '<p>A risk management strategy is a way for you to identify and assess potential hazards that could affect the success of your business.</p>\r\n\r\n<p>Having the foresight to create a risk management plan ensures you not only understand your business but you can predict potential threats and develop strategies to reduce any damage. &nbsp;</p>\r\n\r\n<p>Possible risk management examples include:</p>\r\n\r\n<ul>\r\n	<li>Staff performance or staff turnover</li>\r\n	<li>Introduction of a new product or service</li>\r\n	<li>Customer dissatisfaction</li>\r\n	<li>Instability in the market</li>\r\n	<li>Financial risk including a decrease in turnover, productivity or cash-flow</li>\r\n	<li>Power failure impacting IT systems or machinery</li>\r\n	<li>Natural disaster and hazards resulting in property damage</li>\r\n	<li>New competitor introduced to the market</li>\r\n	<li>Change of distributors/vendors</li>\r\n</ul>\r\n', '2015-10-18 05:53:06', '2015-10-18 05:53:06', 51),
(20, '<p>List all software requirements for your business. This is a great way to track all your systems and keep them in one place.</p>\r\n\r\n<p>Examples include:</p>\r\n\r\n<ul>\r\n	<li>Accounting and reporting systems/programs</li>\r\n	<li>Email/network systems (e.g., Microsoft Office)</li>\r\n	<li>Database/File sharing such as Office 365 or Google Drive</li>\r\n	<li>CRM relationship systems like Infusionsoft and Salesforce</li>\r\n	<li>Online payment systems for online businesses (e.g., Shopify or PayPal)</li>\r\n	<li>Inventory tracking systems</li>\r\n</ul>\r\n\r\n<p>List your IT/maintenance solutions. Be sure to detail who&rsquo;ll be responsible for updates, when your updates are required and any ongoing maintenance.</p>\r\n\r\n<p><strong>Tip: </strong>Try and use systems that talk to each other. Plug-ins between systems will make your life easier.&nbsp;</p>\r\n', '2015-10-18 05:53:31', '2015-10-18 05:53:31', 52),
(21, '<p>List all equipment needed to operate your business. Examples could include:</p>\r\n\r\n<ul>\r\n	<li>Coffee Machines</li>\r\n	<li>Eftpos Machine</li>\r\n	<li>Phones/printers</li>\r\n</ul>\r\n', '2015-10-18 05:53:41', '2015-10-18 05:53:41', 53),
(22, '<p>The Market Summary is where you can detail the market you&rsquo;ll be doing business in. It&rsquo;s a good idea to include answers to the following questions:</p>\r\n\r\n<ul>\r\n	<li>What is it?</li>\r\n	<li>What&rsquo;s happening in it?</li>\r\n	<li>Who&rsquo;s in it?</li>\r\n	<li>Where is it?</li>\r\n	<li>What are the gaps in the market?</li>\r\n	<li>What improvements are needed?</li>\r\n	<li>What&rsquo;s the future of the market?</li>\r\n	<li>Are there any trends in the market?</li>\r\n	<li>How do you see your business fitting in the market?</li>\r\n</ul>\r\n', '2015-10-18 05:53:54', '2015-10-18 05:53:54', 34),
(23, '<p>Your target market is the actual customer group you&rsquo;ll be targeting to sell your product/service. Which demographics will it appeal to? It&rsquo;s also a good idea to include how you intend to maintain your customer relationships and ensure they keep coming back.</p>\r\n\r\n<p>This section is all about identifying and building your customer profile. When thinking of your customer, think of the:</p>\r\n\r\n<ul>\r\n	<li>Demographics (age, sex, income, education, occupation, location, marital status)</li>\r\n	<li>Psychographics (customers attitudes, tastes, lifestyles, disposable income)</li>\r\n</ul>\r\n\r\n<p>If you&rsquo;re targeting a business, think of the:</p>\r\n\r\n<ul>\r\n	<li>Business size (locations, number of employees etc.)</li>\r\n	<li>Annual sales</li>\r\n	<li>Years in business</li>\r\n	<li>Competitors</li>\r\n</ul>\r\n\r\n<p><strong>Tips: </strong></p>\r\n\r\n<ul>\r\n	<li>You can have one clear target market or segment your target market</li>\r\n	<li>Think about whether your target market or segment has long-term/ongoing potential</li>\r\n	<li>Analyse your product/service and how it fulfils the requirements of your target market</li>\r\n	<li>Conduct a little market research on your competitors&mdash;this will help you position your target market and look for potential opportunities</li>\r\n</ul>\r\n', '2015-10-18 05:54:09', '2015-10-18 05:54:09', 35),
(24, '<p>What methods did you use to establish your target market? Did you conduct a focus group or get people to complete an online survey? This section is all about how you arrived at your target market and your use of relevant research to back it up.&nbsp;</p>\r\n\r\n<p>Different sources can include:</p>\r\n\r\n<ul>\r\n	<li>Online surveys like: <a href="https://www.surveymonkey.com/" target="_blank">Survey Monkey</a></li>\r\n	<li>Phone surveys</li>\r\n	<li>Focus groups such as your local chamber of commerce</li>\r\n</ul>\r\n\r\n<p>Local and state government resources (they&rsquo;re a great way to find census info about your market)&nbsp;</p>\r\n', '2015-10-18 05:54:23', '2015-12-08 04:03:37', 45),
(25, '<p>It&rsquo;s always a good idea to have one eye on your competitors (and not in a creepy way!)</p>\r\n\r\n<p>Take a look at what they&rsquo;re selling, their pricing structure and any marketing or advertising plans. This way you can not only compare your business, but also ensure your business has its own point of difference or unique selling point.&nbsp;</p>\r\n', '2015-10-18 05:54:34', '2015-10-18 05:54:34', 46),
(26, '<p>Let&rsquo;s have a look at your business objectively through a SWOT analysis, which is a proven method of exploring your strengths, weaknesses, opportunities and threats.</p>\r\n\r\n<p>The SWOT analysis is an easy way to breakdown and understand your business. It enables you to not only see the good, but also highlight potential obstacles. Knowing your weaknesses will help you avoid mistakes, while your strengths and opportunities will ensure you maximise your potential.</p>\r\n\r\n<p>Generally, strengths and weaknesses are written for the present and internal structures, whereas opportunities and threats focus more on the future and external factors.</p>\r\n\r\n<p><strong>Tips</strong></p>\r\n\r\n<ul>\r\n	<li>Strengths and weaknesses include prices, business costs, business reputation and quality</li>\r\n	<li>Opportunities and threats include competition, laws, politics and seasons, plus economic and cultural landscapes&nbsp;</li>\r\n	<li>Keep it short and concise</li>\r\n	<li>Detail each item from highest to lowest priority</li>\r\n	<li>Be honest and complete the analysis thoroughly and carefully</li>\r\n	<li>Look at your business from an objective observer perspective and ask people for input</li>\r\n</ul>\r\n', '2015-10-18 05:54:47', '2015-10-18 05:54:47', 36),
(27, '<p>Unique Selling Position (USP) is all about differentiating yourself from your competition. What makes you so special?</p>\r\n\r\n<p>A USP is about setting yourself apart. We recommend not being &lsquo;all things to all people.&rsquo; Specialise in one product or service first and multiply the learning&rsquo;s and success for future products or services you release.</p>\r\n\r\n<p>Questions to ask yourself when determining your USP:</p>\r\n\r\n<ul>\r\n	<li>What do you offer that your competitors don&rsquo;t?</li>\r\n	<li>Does your product/service have added benefits and features?</li>\r\n	<li>What value and/or added value do you offer?</li>\r\n</ul>\r\n', '2015-10-18 05:55:02', '2015-10-18 05:55:02', 47),
(28, '<p>Whether your budget is large or small, you need to think about how you&rsquo;re going to tell people that you&rsquo;re open for business. Having the knowledge and know-how around basic marketing and media channels can be the difference between success and failure.</p>\r\n\r\n<p>There&rsquo;s no &lsquo;one size fits all&rsquo; method and nor should there be.</p>\r\n\r\n<p>Here are some media channels to think about:</p>\r\n\r\n<ul>\r\n	<li>Social media (e.g., Facebook, Twitter, Linkedin, Instagram)</li>\r\n	<li>Google Adwords</li>\r\n	<li>Digital advertising (web banners)</li>\r\n	<li>Email marketing</li>\r\n	<li>Traditional media like print, television and radio</li>\r\n	<li>Direct mail</li>\r\n	<li>Outdoor advertising</li>\r\n	<li>Directories (e.g., Yellow Pages)</li>\r\n	<li>Launch events</li>\r\n	<li>Sponsorships&nbsp;</li>\r\n	<li>Public relations (media releases)</li>\r\n</ul>\r\n\r\n<p>When putting together your plan, here are some <strong>tips:</strong></p>\r\n\r\n<ul>\r\n	<li>Think about your profit margin and what percentage of that margin you&rsquo;d like to commit to marketing your business</li>\r\n	<li>Look at what media your target market is consuming</li>\r\n	<li>Incorporate several channels to create a fully integrated campaign in order to maximise your budget and exposure</li>\r\n	<li>You don&rsquo;t need to spend your entire life&rsquo;s savings on your marketing/advertising (a simple Facebook campaign can be just as effective as a TV campaign for the right audience)</li>\r\n	<li>Make sure you set measurable media objectives&mdash;there&rsquo;s no point putting it out there if you don&rsquo;t know it will work</li>\r\n</ul>\r\n\r\n<p>We can help give you more info via <strong>INSERT NEXT PACKAGE LINK</strong></p>\r\n', '2015-10-18 05:55:24', '2015-10-18 05:55:24', 37),
(29, '<p>While specific accounting software will be able to complete these documents for you, if you&rsquo;re not yet up and running with an accounting system, we&rsquo;ve created basic templates for you, using Microsoft Excel to help get you started.</p>\r\n\r\n<p>Download, edit and then once they&rsquo;re complete, upload to your existing Business Plan ready for exporting</p>\r\n\r\n<p>How much money do you want to make? What&rsquo;s your profit objective? Start to number-crunch so you not only know what you&rsquo;re spending, but also where you want to go (sales profits or targets).</p>\r\n\r\n<p>At this point you may have no idea how much money you&rsquo;re going to make, let alone how much you need in order to get your business off the ground. But financial documents are essential, especially if you&rsquo;re going to a bank or investor to seek backing. They&rsquo;ll need to know things like the projections, the numbers (coming in and going out), how liquid your business is and the potential sales opportunities.</p>\r\n\r\n<p>Ask yourself:</p>\r\n\r\n<ul>\r\n	<li>What upfront funds do you need to set up your business?</li>\r\n	<li>Where are the funds coming from?</li>\r\n	<li>Do you need to obtain finance from banks, investors, friends or relatives?</li>\r\n	<li>Will you personally be contributing any funds?</li>\r\n	<li>Are there factors that will influence financial success, like seasonal influences, staffing, distribution etc?</li>\r\n</ul>\r\n', '2015-10-18 05:55:50', '2015-10-18 05:55:50', 41),
(30, '<p>A profit and loss forecast allows you to track all money coming in (sales), less your expenses (losses) to give you your potential profit. It provides you with visibility on your business and an overall summary of your financial performance. The Profit &amp; Loss (P&amp;L) is the most common financial document for all small businesses and they can either be completed monthly, quarterly or annually, depending on how you prefer to operate.</p>\r\n\r\n<p>The profit and loss forecast should include any set-up costs and projected operational costs. The forecast includes, but is not limited to, wages, superannuation and taxes plus general business expenses including your marketing and media spend.</p>\r\n\r\n<p>The formula for a P&amp;L is pretty simple:</p>\r\n\r\n<p><strong>Gross Profit</strong> = sales &ndash; cost of goods sold</p>\r\n\r\n<p><strong>Net Profit</strong> = gross profit - expenses</p>\r\n\r\n<p>A good P&amp;L should be able to:</p>\r\n\r\n<ul>\r\n	<li>Show how much money is coming into your business (i.e. your sales/revenue)</li>\r\n	<li>Highlight the number of expenses you&rsquo;re incurring over time</li>\r\n	<li>Compare your expenses and performance over different periods (this&rsquo;ll show the financial trends in your business)</li>\r\n	<li>Prove your income/earning should you need evidence to apply for a mortgage/loan</li>\r\n</ul>\r\n\r\n<p>Start-up cost examples:</p>\r\n\r\n<ul>\r\n	<li>Business registration including business name, licenses, permits and domain name</li>\r\n	<li>General business: e.g., rent/lease fees, lawyer fees, accountant fees</li>\r\n	<li>Design and website build (logos, letterhead, website pages etc.)</li>\r\n	<li>Equipment such as computers, furniture, vehicles, phones and stationary/office supplies</li>\r\n</ul>\r\n\r\n<p>Insurances, e.g., public liability, workers compensation, business assets</p>\r\n', '2015-10-18 05:56:11', '2015-10-18 05:56:11', 42),
(31, '<p>A balance sheet has three main components to it:</p>\r\n\r\n<ol>\r\n	<li>Assets: what your business owns&mdash;i.e., cash, land, property&mdash;each divided into long and short term</li>\r\n	<li>Liabilities: what your business owes, such as loans and accounts payable&mdash;each divided into long and short term</li>\r\n	<li>Owner&rsquo;s equity: the remaining balance once your liabilities (i.e., financial obligations) are deducted&mdash;also known as capital</li>\r\n</ol>\r\n\r\n<p>The formula for a balance sheet is: The Owner&rsquo;s Equity = Assets &ndash; Liabilities</p>\r\n\r\n<p>The balance sheet is generally used by banks and investors because it highlights your overall financial position. What items are included in your balance sheet will differ depending on the nature of your business. They&rsquo;re not necessarily compulsory to your business plan but it&rsquo;s best to check with your local authorities to see whether your business particulars require a balance sheet.</p>\r\n\r\n<p>A good balance sheet should be able to:</p>\r\n\r\n<ul>\r\n	<li>Highlight all assets, liabilities and equity in your business</li>\r\n	<li>Be a quick reference showing your financial strengths and opportunities</li>\r\n	<li>Highlight your ability to be able to pay your bills on time (both short and long term)</li>\r\n</ul>\r\n', '2015-10-18 05:56:28', '2015-10-18 05:56:28', 43),
(32, '<p><strong>Cash flow</strong>&nbsp;is how much cash you expect to generate in your business and any outgoings (expenses). The whole point of cash flow is to make sure the business makes more money than it pays out. Your level of cash flow will most likely be a key indicator when potential investors are analysing your viability and ultimately deciding whether to invest&nbsp;or not.</p>\r\n\r\n<p>Being able to predict cash shortfalls over time will allow you to plan ahead, and ensure you&rsquo;re able to pay all financial obligations as they arise. These can be completed weekly, monthly or annually but are generally broken down by months. These documents are excellent methods of proving your businesses&rsquo; liquidity, and whether you&rsquo;re in surplus or deficit at the end of each period.</p>\r\n\r\n<p>The expected cash flow document is only as valuable as the data you enter. Sales forecasting can be hard, especially if you&rsquo;re not yet up and running, but if you&rsquo;re looking at your expected cash flow objectively, it may be wise to produce a couple of separate versions (i.e. realistic, pessimistic and optimistic versions). Once you&rsquo;re up and running, this will be a great way to measure what you actually achieved.</p>\r\n\r\n<p><strong>Tip: </strong>Chat to your accountant about this one; they&rsquo;ll be able to guide you and offer advice about the process.</p>\r\n\r\n<p>It&rsquo;s a pretty simple formula: <strong>Net Cash Position </strong>= cash incoming &ndash; cash outgoing&nbsp;</p>\r\n', '2015-10-18 05:56:53', '2015-10-18 05:56:53', 44),
(33, '<p>Research and development (R&amp;D) can lead to great innovation, increased productivity and overall success in your business.</p>\r\n\r\n<p>Creating a strong R&amp;D plan can help you grow and improve your business, giving you an advantage over your competitors. Whether it&rsquo;s researching new technologies, analysing a product/service in your market, or examining your market in general, R&amp;D should be conducted for each and every business.</p>\r\n\r\n<p><strong>Tip:</strong> Check with your local authorities to see if you&rsquo;re eligible for any R&amp;D tax Incentives or grants.&nbsp;</p>\r\n', '2015-10-18 05:57:09', '2015-10-18 05:57:09', 15),
(37, '<p>Keep in mind not everyone will read every page of your marketing and media plan&mdash;even you&mdash;so your executive summary should highlight the most important parts of your plan for the business in general and your important campaigns. The executive summary is essentially an overview and should be the last part of your plan your write.</p>\r\n\r\n<p>It&rsquo;s recommended you include the following points in your executive summary:</p>\r\n\r\n<ul>\r\n	<li><strong>Brief description of your business (products/services)</strong></li>\r\n	<li><strong>Describe your target market</strong></li>\r\n	<li><strong>Competitive Advantage/Positioning Statement or Brand Message</strong>\r\n	<ul>\r\n		<li>You need to tailor your offer so your target market buys what you&rsquo;re selling over your competitors. Your competitive advantage may be your product or service, your branding/design, media campaigns and/or better customer service</li>\r\n	</ul>\r\n	</li>\r\n	<li><strong>Marketing/Media Objectives</strong></li>\r\n	<li>In one or two sentences, summarise the key marketing objectives of your business. Your objectives may be financial, with a goal to increase sales, or marketing focused, to build awareness of your product or service</li>\r\n	<li><strong>Insert your top line Marketing and Media plan&nbsp;</strong></li>\r\n</ul>\r\n', '2015-11-26 02:27:24', '2015-11-26 02:27:24', 59),
(38, '<p>Describe your business potential and your goals for now and the future. It must be clear, concise and leave everyone inspired, wanting to know more. It doesn&rsquo;t matter how many words you use; it&rsquo;s the quality of the words that count.&nbsp;</p>\r\n\r\n<p>Think about how you want others to perceive your business and the reasons why you&rsquo;re creating the business, including customers, suppliers, competitors and employees. The vision must be a long-term view&mdash;you should never have to change it.</p>\r\n\r\n<p><strong>Tips:</strong></p>\r\n\r\n<ul>\r\n	<li>Keep it short and concise</li>\r\n	<li>Make sure it&rsquo;s specific to your business</li>\r\n	<li>Make sure people internally and externally understand it</li>\r\n	<li>It should excite&mdash;use passion and emotion</li>\r\n</ul>\r\n\r\n<p><strong>Some examples for you:</strong></p>\r\n\r\n<ul>\r\n	<li>Nike:&nbsp;<a href="http://about.nike.com/" target="_blank">http://about.nike.com/</a></li>\r\n	<li>Avon:&nbsp;<a href="http://www.avon.com.ph/PRSuite/our_vision.page" target="_blank">http://www.avon.com.ph/PRSuite/our_vision.page</a></li>\r\n</ul>\r\n', '2015-11-26 02:34:22', '2015-12-14 07:21:37', 61),
(39, '<p>Describe how you&rsquo;re going to accomplish your vision. Define the company&rsquo;s function, the markets you&rsquo;re targeting and your competitive advantage. The mission should describe your business, its customers, employees and the community. How will you achieve your vision? Time to step it out.</p>\r\n\r\n<p><strong>Some examples for you:</strong></p>\r\n\r\n<ul>\r\n	<li>Disney:&nbsp;<a href="http://disneycompanyprofile.weebly.com/" target="_blank">http://disneycompanyprofile.weebly.com/</a></li>\r\n	<li>Amazon:&nbsp;<a href="https://www.facebook.com/Amazon/info?tab=page_info" target="_blank">https://www.facebook.com/Amazon/info?tab=page_info</a></li>\r\n</ul>\r\n', '2015-11-26 02:34:39', '2015-12-14 07:22:05', 62),
(40, '<p>Provide a summary of the market you&rsquo;ll be doing business in. What is it, what&rsquo;s happening in it, who&rsquo;s in it, what are the gaps, what improvements are needed, and what do you think the future of the market looks like?</p>\r\n', '2015-11-26 02:34:58', '2015-11-26 02:34:58', 70),
(41, '<p>Who are you talking to? Who will buy what you&rsquo;re selling? Your target market is the actual customer group you&rsquo;ll be targeting.</p>\r\n\r\n<p>This section is all about identifying and building your customer profile. When thinking of your customer, consider:</p>\r\n\r\n<ul>\r\n	<li>Demographics (age, sex, income, education, occupation, location, marital status)</li>\r\n	<li>Psychographics (customers attitudes, tastes, lifestyles, disposable income)</li>\r\n</ul>\r\n\r\n<p>If you&rsquo;re targeting a business:</p>\r\n\r\n<ul>\r\n	<li>Business size (locations, number of employees), annual sales, years in business &amp; competitors</li>\r\n</ul>\r\n\r\n<p><strong>Tips: </strong></p>\r\n\r\n<ul>\r\n	<li>You can have one clear target market or segment your target market</li>\r\n	<li>Think about whether your target market or segments have long-term/ongoing potential</li>\r\n	<li>Analyse your product or service and how it fulfils the requirements of your target market</li>\r\n	<li>Conduct a little market research on your competitors&mdash;it will help you position your target market</li>\r\n</ul>\r\n', '2015-11-26 02:35:25', '2015-11-26 02:35:25', 71),
(42, '<p>You may want to look at conducting some market research around your target. Market research (i.e. online or phone surveys, focus groups, local and state government resources) is a great way to build a story around your target market and how you intend to reach them. <a href="http://www.surveymonkey.com/" target="_blank">Survey Monkey</a> is a good and cheap way to get some insights on your customers</p>\r\n', '2015-11-26 02:35:41', '2015-12-08 04:04:16', 72),
(43, '<p>It&rsquo;s always good to know what your competitors are doing so you can compare your business, see what you&rsquo;re doing better (or plan to do better) and what they&rsquo;re currently offering.</p>\r\n', '2015-11-26 02:35:55', '2015-11-26 02:35:55', 73),
(44, '<p>Lets look at your business objectively through a SWOT Analysis, which describes your strengths, weaknesses, opportunities and threats.</p>\r\n\r\n<p>The SWOT is an easy way to understand your business. It enables you to not only see the good but also highlight potential obstacles. Knowing weaknesses will help you avoid mistakes, while your strengths and opportunities will ensure you maximise your potential.</p>\r\n\r\n<p>Strengths and weaknesses are written for the present and internal structures whereas opportunities and threats focus more on the future and external factors.</p>\r\n\r\n<p><strong>Tips</strong></p>\r\n\r\n<ul>\r\n	<li>Strengths and weaknesses: products/services, prices, business costs, business reputation and quality</li>\r\n	<li>Opportunities and threats: competition, laws, politics, seasons, economic and cultural landscapes&nbsp;</li>\r\n	<li>Keep it short and concise</li>\r\n	<li>Detail each item from highest to lowest priority</li>\r\n	<li>Be honest and take your time</li>\r\n	<li>Look at your business from an objective observer&rsquo;s perspective and ask people for input</li>\r\n</ul>\r\n', '2015-11-26 02:36:16', '2015-11-26 02:36:16', 74),
(45, '<p>Unique selling position (USP) is all about differentiating yourself from your competition. What makes you so special?</p>\r\n\r\n<p>It&rsquo;s about setting yourself apart. We recommend you don&rsquo;t be all things to all people. Specialise in one product or service first and multiply the learnings and success for future products or services.</p>\r\n\r\n<p>Questions to ask yourself when determining your USP:</p>\r\n\r\n<ul>\r\n	<li>What do you offer that your competitors don&rsquo;t?</li>\r\n	<li>Does your product or service have added benefits and features?</li>\r\n	<li>What value and/or added value do you offer?</li>\r\n</ul>\r\n', '2015-11-26 02:36:37', '2015-11-26 02:36:37', 75),
(46, '<p>A Brand Position/Statement is how people define your product or service.&nbsp; For example a consumer would describe a BMW as a prestige, high performance car. This perception is due to BMW&rsquo;s marketing strategies, which focus on its competitive advantage in prestige and exclusivity.</p>\r\n\r\n<p>Their positioning up to 2020 is clearly defined: the <a href="http://www.bmwgroup.com/e/0_0_www_bmwgroup_com/unternehmen/unternehmensprofil/strategie/strategie.html" target="_blank">BMW Group</a> is the world&rsquo;s leading provider of premium products and premium services for individual mobility.&nbsp;</p>\r\n\r\n<p>After you&rsquo;ve finalised the rest of your marketing strategy, you will know where your business is positioned in your market and how you&rsquo;re different to your competitors. From there you can also create a tagline or slogan that helps establish the position you want to own, i.e., BMW&rsquo;s is &lsquo;Sheer Driving Pleasure.&rsquo;&nbsp;</p>\r\n', '2015-11-26 02:36:54', '2015-12-08 04:04:22', 76),
(47, '<p>Detail how you will sell your product or services. This will help you understand your business and better dictate the marketing and media plan to drive awareness or sale.</p>\r\n', '2015-11-26 02:37:10', '2015-11-26 02:37:10', 64),
(48, '<p>Detail your objectives for sales, market share, gross margins, net profit, return on investment etc. Essentially this section is your mission, broken down into achievable objectives, and should take you a step closer to completing your mission. The goals should be easy to measure and evaluate, e.g., increase market share by 10% in the next two years.</p>\r\n\r\n<p>The goals should be specific, measureable, achievable, realistic and timely.&nbsp;&nbsp;</p>\r\n', '2015-11-26 02:37:31', '2015-11-26 02:37:31', 65),
(49, '<p>It&rsquo;s time to look at how you will promote your business including what channels you&rsquo;ll use, how you&rsquo;ll determine your marketing budget (i.e. % of sales or profit margin), who&rsquo;ll look after your marketing/advertising/promotional activities, the benefits of each element and why they&rsquo;re important.</p>\r\n\r\n<p>This is your opportunity to detail the marketing and media activities you&rsquo;d like to use to drive sales or market awareness (please refer to your media 101 documentation to help you select the best media for your business or campaign). Examples include social media, Google AdWords, digital advertising (web banners), email marketing, television, radio, print, direct mail, launch events and sponsorships. Provide detail for each option.</p>\r\n\r\n<p>You need to make sure you know how you&rsquo;ll measure the success of your marketing efforts (i.e. sales, brand awareness, clicks to a website, entries to a promotion, the number of people through your front door).</p>\r\n', '2015-11-26 02:37:48', '2015-11-26 02:37:48', 66),
(50, '<p>Setting budgets is one of the most important elements of your marketing and media plan. There are several ways to determine your marketing/media budget, however as a loose rule (we stress this is a guide only) set aside a % of the retail price (keeping in mind your mark up margins) minus your expenses (i.e. cost of goods rent/materials/staff costs). You might decide to take an average across all products to run a campaign, or select one product you&rsquo;d like to market. Make sure the numbers make sense.</p>\r\n\r\n<p>In addition to setting the marketing and media budget please also keep in mind the cost of creating the bits and pieces you need to make the campaign come to life. For instance, design of artwork, printing of the artwork, TV and/or radio production and digital production. You should also consider your time to manage the creation of the marketing elements and to oversee the plan.&nbsp;</p>\r\n', '2015-11-26 02:38:07', '2015-11-26 02:38:07', 67),
(51, '<p>This is a great way to plan your marketing/media activity so everyone in your business understands what the priorities are and what potential customers will ask for. This is a roadmap to support the business&rsquo; overall objectives. Make sure you take all of your team through the plans (from your receptionist to your sales team), so there&rsquo;s no confusion around priorities and everyone can hit the ground running.</p>\r\n\r\n<p><strong>Tip:</strong> It might be a good idea to hold a marketing meeting with your whole team at the beginning of each month to explain the business/marketing priorities. That way, they can better drive your objectives and help educate your customers.&nbsp;&nbsp;</p>\r\n', '2015-11-26 02:38:24', '2015-11-26 02:38:24', 68),
(52, '<p>It&rsquo;s time to start reviewing your marketing/media activity, both the year round activity and campaign by campaign, based on sales or special events. Detail it all so you can measure success or make changes if something&rsquo;s not working.&nbsp;</p>\r\n', '2015-11-26 02:38:51', '2015-11-26 02:38:51', 69);
INSERT INTO `plan_tips` (`id`, `tip`, `created_at`, `updated_at`, `cat_id`) VALUES
(53, '<p>This is a great way to plan your marketing/media activity so everyone in your business understands what the priorities are and what potential customers will ask for. This is a roadmap to support the business&rsquo; overall objectives. Make sure you take all of your team through the plans (from your receptionist to your sales team), so there&rsquo;s no confusion around priorities and everyone can hit the ground running.</p>\r\n\r\n<p><strong>Tip:</strong> It might be a good idea to hold a marketing meeting with your whole team at the beginning of each month to explain the business/marketing priorities. That way, they can better drive your objectives and help educate your customers.&nbsp;&nbsp;</p>\r\n', '2015-11-26 02:57:10', '2015-11-26 02:57:10', 77),
(54, '<p>You may decide you don&rsquo;t have any money to spend on marketing your business, but what you can control is the content you include across your digital/social media channels, e.g., Facebook. Below is a great way to plan out the updates/posts for your business, so you can effectively talk to your customers for free, continuing your presence in market.</p>\r\n', '2015-11-26 02:57:24', '2015-11-26 02:57:24', 78),
(55, '<p>Communication pillars are the most important attributes and principles that you want communicated through your brand and it&rsquo;s marketing. Your business can use as many communication pillars as you like, but narrow them down to those most important to your business&rsquo; image and values. Examples of communication pillars are authenticity, community involvement, honesty, all natural or environmentally friendly.</p>\r\n', '2015-12-09 04:43:46', '2015-12-09 04:43:46', 79);

-- --------------------------------------------------------

--
-- Table structure for table `revisions`
--

CREATE TABLE IF NOT EXISTS `revisions` (
  `id` int(10) unsigned NOT NULL,
  `revisionable_type` varchar(255) COLLATE utf8_unicode_ci NOT NULL,
  `revisionable_id` int(11) NOT NULL,
  `user_id` int(11) DEFAULT NULL,
  `key` varchar(255) COLLATE utf8_unicode_ci NOT NULL,
  `old_value` text COLLATE utf8_unicode_ci,
  `new_value` text COLLATE utf8_unicode_ci,
  `created_at` timestamp NOT NULL DEFAULT '0000-00-00 00:00:00',
  `updated_at` timestamp NOT NULL DEFAULT '0000-00-00 00:00:00'
) ENGINE=InnoDB AUTO_INCREMENT=17 DEFAULT CHARSET=utf8 COLLATE=utf8_unicode_ci;

-- --------------------------------------------------------

--
-- Table structure for table `users`
--

CREATE TABLE IF NOT EXISTS `users` (
  `id` int(10) unsigned NOT NULL,
  `first_name` varchar(255) COLLATE utf8_unicode_ci NOT NULL,
  `last_name` varchar(255) COLLATE utf8_unicode_ci NOT NULL,
  `company` varchar(255) COLLATE utf8_unicode_ci NOT NULL,
  `contact_number` varchar(255) COLLATE utf8_unicode_ci NOT NULL,
  `referral` varchar(255) COLLATE utf8_unicode_ci NOT NULL,
  `other_info` text COLLATE utf8_unicode_ci NOT NULL,
  `email` varchar(255) COLLATE utf8_unicode_ci NOT NULL,
  `abn` varchar(255) COLLATE utf8_unicode_ci DEFAULT NULL,
  `password` varchar(60) COLLATE utf8_unicode_ci NOT NULL,
  `remember_token` varchar(100) COLLATE utf8_unicode_ci DEFAULT NULL,
  `created_at` timestamp NOT NULL DEFAULT '0000-00-00 00:00:00',
  `updated_at` timestamp NOT NULL DEFAULT '0000-00-00 00:00:00',
  `user_address_id` int(11) NOT NULL,
  `upgraded_at` timestamp NOT NULL DEFAULT '0000-00-00 00:00:00',
  `mailchimp_member_hash` varchar(32) COLLATE utf8_unicode_ci NOT NULL,
  `briefed` tinyint(1) NOT NULL,
  `is_super` tinyint(1) NOT NULL,
  `is_active` tinyint(1) NOT NULL,
  `logo_path` varchar(255) COLLATE utf8_unicode_ci DEFAULT NULL
) ENGINE=InnoDB AUTO_INCREMENT=2 DEFAULT CHARSET=utf8 COLLATE=utf8_unicode_ci;

--
-- Dumping data for table `users`
--

INSERT INTO `users` (`id`, `first_name`, `last_name`, `company`, `contact_number`, `referral`, `other_info`, `email`, `abn`, `password`, `remember_token`, `created_at`, `updated_at`, `user_address_id`, `upgraded_at`, `mailchimp_member_hash`, `briefed`, `is_super`, `is_active`, `logo_path`) VALUES
(1, 'Michael', 'Thomas', 'Sunnyinteractive', '1-670-558-1515', 'Larry Emard MD', 'Consequatur eum nihil facilis ex temporibus. Rerum error iure quis aut est dolorem voluptatibus. Provident vel dolorem quae sit fugiat.', 'mickey.ftw@gmail.com', '123 465 789', '$2y$10$0N6GYMyGgBO6uwN1Hjg4yOvArk9vDWMTGPdPl38s.DYNoGIvBkdXi', 'aBaxBWwZeH9mcb1WQwDlCutTX9gwoMwrAbm5c7FfT1Kg84YeteSr9WeQmBYn', '2015-10-14 17:38:09', '2015-12-14 07:07:14', 1, '0000-00-00 00:00:00', '', 1, 1, 1, '');

-- --------------------------------------------------------

--
-- Table structure for table `user_addresses`
--

CREATE TABLE IF NOT EXISTS `user_addresses` (
  `id` int(10) unsigned NOT NULL,
  `premise` varchar(255) COLLATE utf8_unicode_ci NOT NULL,
  `thoroughfare` varchar(255) COLLATE utf8_unicode_ci NOT NULL,
  `administrative_area` varchar(255) COLLATE utf8_unicode_ci NOT NULL,
  `locality` varchar(255) COLLATE utf8_unicode_ci NOT NULL,
  `postal_code` varchar(255) COLLATE utf8_unicode_ci NOT NULL,
  `country` varchar(255) COLLATE utf8_unicode_ci NOT NULL,
  `user_id` int(11) NOT NULL,
  `created_at` timestamp NOT NULL DEFAULT '0000-00-00 00:00:00',
  `updated_at` timestamp NOT NULL DEFAULT '0000-00-00 00:00:00'
) ENGINE=InnoDB AUTO_INCREMENT=2 DEFAULT CHARSET=utf8 COLLATE=utf8_unicode_ci;

--
-- Dumping data for table `user_addresses`
--

INSERT INTO `user_addresses` (`id`, `premise`, `thoroughfare`, `administrative_area`, `locality`, `postal_code`, `country`, `user_id`, `created_at`, `updated_at`) VALUES
(1, '3/44', 'Sunrise Bvld', 'Queensland', 'Surfers Paradise, Gold Coast', '4217', 'AU', 1, '2015-10-23 14:00:00', '2015-10-23 14:00:00');

--
-- Indexes for dumped tables
--

--
-- Indexes for table `appointments`
--
ALTER TABLE `appointments`
  ADD PRIMARY KEY (`id`);

--
-- Indexes for table `briefing_form_documents`
--
ALTER TABLE `briefing_form_documents`
  ADD PRIMARY KEY (`id`);

--
-- Indexes for table `briefing_form_questions`
--
ALTER TABLE `briefing_form_questions`
  ADD PRIMARY KEY (`id`);

--
-- Indexes for table `briefing_form_submissions`
--
ALTER TABLE `briefing_form_submissions`
  ADD PRIMARY KEY (`id`);

--
-- Indexes for table `briefing_question_answers`
--
ALTER TABLE `briefing_question_answers`
  ADD PRIMARY KEY (`id`);

--
-- Indexes for table `buckets`
--
ALTER TABLE `buckets`
  ADD PRIMARY KEY (`id`);

--
-- Indexes for table `bucket_user`
--
ALTER TABLE `bucket_user`
  ADD PRIMARY KEY (`bucket_id`,`user_id`),
  ADD KEY `bucket_user_bucket_id_index` (`bucket_id`),
  ADD KEY `bucket_user_user_id_index` (`user_id`);

--
-- Indexes for table `business_plan_documents`
--
ALTER TABLE `business_plan_documents`
  ADD PRIMARY KEY (`id`);

--
-- Indexes for table `default_contents`
--
ALTER TABLE `default_contents`
  ADD PRIMARY KEY (`id`);

--
-- Indexes for table `failed_jobs`
--
ALTER TABLE `failed_jobs`
  ADD PRIMARY KEY (`id`);

--
-- Indexes for table `jobs`
--
ALTER TABLE `jobs`
  ADD PRIMARY KEY (`id`),
  ADD KEY `jobs_queue_reserved_reserved_at_index` (`queue`,`reserved`,`reserved_at`);

--
-- Indexes for table `notifications`
--
ALTER TABLE `notifications`
  ADD PRIMARY KEY (`id`),
  ADD KEY `notifications_from_id_index` (`from_id`),
  ADD KEY `notifications_from_type_index` (`from_type`),
  ADD KEY `notifications_to_id_index` (`to_id`),
  ADD KEY `notifications_to_type_index` (`to_type`),
  ADD KEY `notifications_category_id_index` (`category_id`);

--
-- Indexes for table `notifications_categories_in_groups`
--
ALTER TABLE `notifications_categories_in_groups`
  ADD PRIMARY KEY (`id`),
  ADD KEY `notifications_categories_in_groups_category_id_index` (`category_id`),
  ADD KEY `notifications_categories_in_groups_group_id_index` (`group_id`);

--
-- Indexes for table `notification_categories`
--
ALTER TABLE `notification_categories`
  ADD PRIMARY KEY (`id`),
  ADD UNIQUE KEY `notification_categories_name_unique` (`name`),
  ADD KEY `notification_categories_name_index` (`name`);

--
-- Indexes for table `notification_groups`
--
ALTER TABLE `notification_groups`
  ADD PRIMARY KEY (`id`),
  ADD UNIQUE KEY `notification_groups_name_unique` (`name`);

--
-- Indexes for table `packages`
--
ALTER TABLE `packages`
  ADD PRIMARY KEY (`id`);

--
-- Indexes for table `package_user`
--
ALTER TABLE `package_user`
  ADD PRIMARY KEY (`package_id`,`user_id`),
  ADD KEY `package_user_package_id_index` (`package_id`),
  ADD KEY `package_user_user_id_index` (`user_id`);

--
-- Indexes for table `pages`
--
ALTER TABLE `pages`
  ADD PRIMARY KEY (`id`),
  ADD KEY `pages_parent_id_foreign` (`parent_id`);

--
-- Indexes for table `page_closure`
--
ALTER TABLE `page_closure`
  ADD PRIMARY KEY (`closure_id`),
  ADD KEY `page_closure_ancestor_foreign` (`ancestor`),
  ADD KEY `page_closure_descendant_foreign` (`descendant`);

--
-- Indexes for table `password_resets`
--
ALTER TABLE `password_resets`
  ADD KEY `password_resets_email_index` (`email`),
  ADD KEY `password_resets_token_index` (`token`);

--
-- Indexes for table `plans`
--
ALTER TABLE `plans`
  ADD PRIMARY KEY (`id`);

--
-- Indexes for table `plan_categories`
--
ALTER TABLE `plan_categories`
  ADD PRIMARY KEY (`id`),
  ADD KEY `business_plan_categories_parent_id_index` (`parent_id`),
  ADD KEY `business_plan_categories_lft_index` (`lft`),
  ADD KEY `business_plan_categories_rgt_index` (`rgt`);

--
-- Indexes for table `plan_contents`
--
ALTER TABLE `plan_contents`
  ADD PRIMARY KEY (`id`);

--
-- Indexes for table `plan_tips`
--
ALTER TABLE `plan_tips`
  ADD PRIMARY KEY (`id`);

--
-- Indexes for table `revisions`
--
ALTER TABLE `revisions`
  ADD PRIMARY KEY (`id`),
  ADD KEY `revisions_revisionable_id_revisionable_type_index` (`revisionable_id`,`revisionable_type`);

--
-- Indexes for table `users`
--
ALTER TABLE `users`
  ADD PRIMARY KEY (`id`),
  ADD UNIQUE KEY `users_email_unique` (`email`);

--
-- Indexes for table `user_addresses`
--
ALTER TABLE `user_addresses`
  ADD PRIMARY KEY (`id`);

--
-- AUTO_INCREMENT for dumped tables
--

--
-- AUTO_INCREMENT for table `appointments`
--
ALTER TABLE `appointments`
  MODIFY `id` int(10) unsigned NOT NULL AUTO_INCREMENT,AUTO_INCREMENT=63;
--
-- AUTO_INCREMENT for table `briefing_form_documents`
--
ALTER TABLE `briefing_form_documents`
  MODIFY `id` int(10) unsigned NOT NULL AUTO_INCREMENT;
--
-- AUTO_INCREMENT for table `briefing_form_questions`
--
ALTER TABLE `briefing_form_questions`
  MODIFY `id` int(10) unsigned NOT NULL AUTO_INCREMENT,AUTO_INCREMENT=29;
--
-- AUTO_INCREMENT for table `briefing_form_submissions`
--
ALTER TABLE `briefing_form_submissions`
  MODIFY `id` int(10) unsigned NOT NULL AUTO_INCREMENT;
--
-- AUTO_INCREMENT for table `briefing_question_answers`
--
ALTER TABLE `briefing_question_answers`
  MODIFY `id` int(10) unsigned NOT NULL AUTO_INCREMENT;
--
-- AUTO_INCREMENT for table `buckets`
--
ALTER TABLE `buckets`
  MODIFY `id` int(10) unsigned NOT NULL AUTO_INCREMENT,AUTO_INCREMENT=10;
--
-- AUTO_INCREMENT for table `business_plan_documents`
--
ALTER TABLE `business_plan_documents`
  MODIFY `id` int(10) unsigned NOT NULL AUTO_INCREMENT;
--
-- AUTO_INCREMENT for table `default_contents`
--
ALTER TABLE `default_contents`
  MODIFY `id` int(10) unsigned NOT NULL AUTO_INCREMENT,AUTO_INCREMENT=35;
--
-- AUTO_INCREMENT for table `failed_jobs`
--
ALTER TABLE `failed_jobs`
  MODIFY `id` int(10) unsigned NOT NULL AUTO_INCREMENT;
--
-- AUTO_INCREMENT for table `jobs`
--
ALTER TABLE `jobs`
  MODIFY `id` bigint(20) unsigned NOT NULL AUTO_INCREMENT;
--
-- AUTO_INCREMENT for table `notifications`
--
ALTER TABLE `notifications`
  MODIFY `id` int(10) unsigned NOT NULL AUTO_INCREMENT,AUTO_INCREMENT=3;
--
-- AUTO_INCREMENT for table `notifications_categories_in_groups`
--
ALTER TABLE `notifications_categories_in_groups`
  MODIFY `id` int(10) unsigned NOT NULL AUTO_INCREMENT;
--
-- AUTO_INCREMENT for table `notification_categories`
--
ALTER TABLE `notification_categories`
  MODIFY `id` int(10) unsigned NOT NULL AUTO_INCREMENT,AUTO_INCREMENT=9;
--
-- AUTO_INCREMENT for table `notification_groups`
--
ALTER TABLE `notification_groups`
  MODIFY `id` int(10) unsigned NOT NULL AUTO_INCREMENT;
--
-- AUTO_INCREMENT for table `packages`
--
ALTER TABLE `packages`
  MODIFY `id` int(10) unsigned NOT NULL AUTO_INCREMENT,AUTO_INCREMENT=5;
--
-- AUTO_INCREMENT for table `pages`
--
ALTER TABLE `pages`
  MODIFY `id` int(10) unsigned NOT NULL AUTO_INCREMENT,AUTO_INCREMENT=78;
--
-- AUTO_INCREMENT for table `page_closure`
--
ALTER TABLE `page_closure`
  MODIFY `closure_id` int(10) unsigned NOT NULL AUTO_INCREMENT,AUTO_INCREMENT=143;
--
-- AUTO_INCREMENT for table `plans`
--
ALTER TABLE `plans`
  MODIFY `id` int(10) unsigned NOT NULL AUTO_INCREMENT,AUTO_INCREMENT=3;
--
-- AUTO_INCREMENT for table `plan_categories`
--
ALTER TABLE `plan_categories`
  MODIFY `id` int(10) unsigned NOT NULL AUTO_INCREMENT,AUTO_INCREMENT=80;
--
-- AUTO_INCREMENT for table `plan_contents`
--
ALTER TABLE `plan_contents`
  MODIFY `id` int(10) unsigned NOT NULL AUTO_INCREMENT;
--
-- AUTO_INCREMENT for table `plan_tips`
--
ALTER TABLE `plan_tips`
  MODIFY `id` int(10) unsigned NOT NULL AUTO_INCREMENT,AUTO_INCREMENT=56;
--
-- AUTO_INCREMENT for table `revisions`
--
ALTER TABLE `revisions`
  MODIFY `id` int(10) unsigned NOT NULL AUTO_INCREMENT,AUTO_INCREMENT=17;
--
-- AUTO_INCREMENT for table `users`
--
ALTER TABLE `users`
  MODIFY `id` int(10) unsigned NOT NULL AUTO_INCREMENT,AUTO_INCREMENT=2;
--
-- AUTO_INCREMENT for table `user_addresses`
--
ALTER TABLE `user_addresses`
  MODIFY `id` int(10) unsigned NOT NULL AUTO_INCREMENT,AUTO_INCREMENT=2;
--
-- Constraints for dumped tables
--

--
-- Constraints for table `bucket_user`
--
ALTER TABLE `bucket_user`
  ADD CONSTRAINT `bucket_user_bucket_id_foreign` FOREIGN KEY (`bucket_id`) REFERENCES `buckets` (`id`) ON DELETE CASCADE,
  ADD CONSTRAINT `bucket_user_user_id_foreign` FOREIGN KEY (`user_id`) REFERENCES `users` (`id`) ON DELETE CASCADE;

--
-- Constraints for table `notifications`
--
ALTER TABLE `notifications`
  ADD CONSTRAINT `notifications_category_id_foreign` FOREIGN KEY (`category_id`) REFERENCES `notification_categories` (`id`);

--
-- Constraints for table `notifications_categories_in_groups`
--
ALTER TABLE `notifications_categories_in_groups`
  ADD CONSTRAINT `notifications_categories_in_groups_category_id_foreign` FOREIGN KEY (`category_id`) REFERENCES `notification_categories` (`id`) ON DELETE CASCADE,
  ADD CONSTRAINT `notifications_categories_in_groups_group_id_foreign` FOREIGN KEY (`group_id`) REFERENCES `notification_groups` (`id`) ON DELETE CASCADE;

--
-- Constraints for table `package_user`
--
ALTER TABLE `package_user`
  ADD CONSTRAINT `package_user_package_id_foreign` FOREIGN KEY (`package_id`) REFERENCES `packages` (`id`) ON DELETE CASCADE,
  ADD CONSTRAINT `package_user_user_id_foreign` FOREIGN KEY (`user_id`) REFERENCES `users` (`id`) ON DELETE CASCADE;

--
-- Constraints for table `pages`
--
ALTER TABLE `pages`
  ADD CONSTRAINT `pages_parent_id_foreign` FOREIGN KEY (`parent_id`) REFERENCES `pages` (`id`) ON DELETE SET NULL;

--
-- Constraints for table `page_closure`
--
ALTER TABLE `page_closure`
  ADD CONSTRAINT `page_closure_ancestor_foreign` FOREIGN KEY (`ancestor`) REFERENCES `pages` (`id`) ON DELETE CASCADE,
  ADD CONSTRAINT `page_closure_descendant_foreign` FOREIGN KEY (`descendant`) REFERENCES `pages` (`id`) ON DELETE CASCADE;

/*!40101 SET CHARACTER_SET_CLIENT=@OLD_CHARACTER_SET_CLIENT */;
/*!40101 SET CHARACTER_SET_RESULTS=@OLD_CHARACTER_SET_RESULTS */;
/*!40101 SET COLLATION_CONNECTION=@OLD_COLLATION_CONNECTION */;
